timestamp_utc,latitude,longitude,wind_speed_10m_mps,wind_direction_10m_deg,wind_u_10m_mps,wind_v_10m_mps
2021-10-01T00:00:00Z,33.356766,-118.44444,17.1,292,15.8,-6.5
2021-10-01T01:00:00Z,33.356766,-118.44444,20.2,305,16.6,-11.5
2021-10-01T02:00:00Z,33.356766,-118.44444,19.4,312,14.4,-13.0
2021-10-01T03:00:00Z,33.356766,-118.44444,19.1,316,13.3,-13.7
2021-10-01T04:00:00Z,33.356766,-118.44444,17.6,319,11.5,-13.3
2021-10-01T05:00:00Z,33.356766,-118.44444,18.1,317,12.2,-13.3
2021-10-01T06:00:00Z,33.356766,-118.44444,19.1,316,13.3,-13.7
2021-10-01T07:00:00Z,33.356766,-118.44444,16.3,319,10.8,-12.2
2021-10-01T08:00:00Z,33.356766,-118.44444,4.0,355,0.4,-4.0
2021-10-01T09:00:00Z,33.356766,-118.44444,5.4,143,-3.2,4.3
2021-10-01T10:00:00Z,33.356766,-118.44444,6.6,189,1.1,6.5
2021-10-01T11:00:00Z,33.356766,-118.44444,7.4,219,4.7,5.8
2021-10-01T12:00:00Z,33.356766,-118.44444,9.0,265,9.0,0.7
2021-10-01T13:00:00Z,33.356766,-118.44444,1.6,333,0.7,-1.4
2021-10-01T14:00:00Z,33.356766,-118.44444,5.4,98,-5.4,0.7
2021-10-01T15:00:00Z,33.356766,-118.44444,8.8,99,-8.6,1.4
2021-10-01T16:00:00Z,33.356766,-118.44444,8.9,122,-7.6,4.7
2021-10-01T17:00:00Z,33.356766,-118.44444,9.2,138,-6.1,6.8
2021-10-01T18:00:00Z,33.356766,-118.44444,8.2,157,-3.2,7.6
2021-10-01T19:00:00Z,33.356766,-118.44444,7.6,172,-1.1,7.6
2021-10-01T20:00:00Z,33.356766,-118.44444,7.6,188,1.1,7.6
2021-10-01T21:00:00Z,33.356766,-118.44444,8.0,207,3.6,7.2
2021-10-01T22:00:00Z,33.356766,-118.44444,8.9,230,6.8,5.8
2021-10-01T23:00:00Z,33.356766,-118.44444,11.3,233,9.0,6.8
2021-10-02T00:00:00Z,33.356766,-118.44444,13.8,255,13.3,3.6
2021-10-02T01:00:00Z,33.356766,-118.44444,14.7,287,14.0,-4.3
2021-10-02T02:00:00Z,33.356766,-118.44444,13.7,297,12.2,-6.1
2021-10-02T03:00:00Z,33.356766,-118.44444,13.3,311,10.1,-8.6
2021-10-02T04:00:00Z,33.356766,-118.44444,12.0,311,9.0,-7.9
2021-10-02T05:00:00Z,33.356766,-118.44444,10.3,299,9.0,-5.0
2021-10-02T06:00:00Z,33.356766,-118.44444,7.2,297,6.5,-3.2
2021-10-02T07:00:00Z,33.356766,-118.44444,5.2,282,5.0,-1.1
2021-10-02T08:00:00Z,33.356766,-118.44444,7.9,286,7.6,-2.2
2021-10-02T09:00:00Z,33.356766,-118.44444,10.6,288,10.1,-3.2
2021-10-02T10:00:00Z,33.356766,-118.44444,11.0,302,9.4,-5.8
2021-10-02T11:00:00Z,33.356766,-118.44444,9.4,320,6.1,-7.2
2021-10-02T12:00:00Z,33.356766,-118.44444,9.8,324,5.8,-7.9
2021-10-02T13:00:00Z,33.356766,-118.44444,10.5,333,4.7,-9.4
2021-10-02T14:00:00Z,33.356766,-118.44444,8.8,341,2.9,-8.3
2021-10-02T15:00:00Z,33.356766,-118.44444,7.6,352,1.1,-7.6
2021-10-02T16:00:00Z,33.356766,-118.44444,6.1,357,0.4,-6.1
2021-10-02T17:00:00Z,33.356766,-118.44444,3.2,360,0.0,-3.2
2021-10-02T18:00:00Z,33.356766,-118.44444,3.5,294,3.2,-1.4
2021-10-02T19:00:00Z,33.356766,-118.44444,8.6,292,7.9,-3.2
2021-10-02T20:00:00Z,33.356766,-118.44444,12.4,296,11.2,-5.4
2021-10-02T21:00:00Z,33.356766,-118.44444,14.3,298,12.6,-6.8
2021-10-02T22:00:00Z,33.356766,-118.44444,15.9,298,14.0,-7.6
2021-10-02T23:00:00Z,33.356766,-118.44444,17.4,300,15.1,-8.6
2021-10-01T00:00:00Z,33.497364,-118.29208,30.3,286,29.2,-8.3
2021-10-01T01:00:00Z,33.497364,-118.29208,32.1,290,30.2,-10.8
2021-10-01T02:00:00Z,33.497364,-118.29208,27.5,284,26.6,-6.8
2021-10-01T03:00:00Z,33.497364,-118.29208,27.4,280,27.0,-4.7
2021-10-01T04:00:00Z,33.497364,-118.29208,28.2,276,28.1,-2.9
2021-10-01T05:00:00Z,33.497364,-118.29208,25.8,277,25.6,-3.2
2021-10-01T06:00:00Z,33.497364,-118.29208,24.3,285,23.4,-6.5
2021-10-01T07:00:00Z,33.497364,-118.29208,23.4,295,21.2,-9.7
2021-10-01T08:00:00Z,33.497364,-118.29208,12.6,290,11.9,-4.3
2021-10-01T09:00:00Z,33.497364,-118.29208,7.7,242,6.8,3.6
2021-10-01T10:00:00Z,33.497364,-118.29208,10.1,182,0.4,10.1
2021-10-01T11:00:00Z,33.497364,-118.29208,9.4,178,-0.4,9.4
2021-10-01T12:00:00Z,33.497364,-118.29208,2.9,210,1.4,2.5
2021-10-01T13:00:00Z,33.497364,-118.29208,2.5,180,0.0,2.5
2021-10-01T14:00:00Z,33.497364,-118.29208,8.0,126,-6.5,4.7
2021-10-01T15:00:00Z,33.497364,-118.29208,10.5,128,-8.3,6.5
2021-10-01T16:00:00Z,33.497364,-118.29208,10.0,111,-9.4,3.6
2021-10-01T17:00:00Z,33.497364,-118.29208,10.7,104,-10.4,2.5
2021-10-01T18:00:00Z,33.497364,-118.29208,9.0,119,-7.9,4.3
2021-10-01T19:00:00Z,33.497364,-118.29208,7.0,145,-4.0,5.8
2021-10-01T20:00:00Z,33.497364,-118.29208,5.9,169,-1.1,5.8
2021-10-01T21:00:00Z,33.497364,-118.29208,5.6,207,2.5,5.0
2021-10-01T22:00:00Z,33.497364,-118.29208,9.0,254,8.6,2.5
2021-10-01T23:00:00Z,33.497364,-118.29208,12.6,273,12.6,-0.7
2021-10-02T00:00:00Z,33.497364,-118.29208,16.4,299,14.4,-7.9
2021-10-02T01:00:00Z,33.497364,-118.29208,20.9,281,20.5,-4.0
2021-10-02T02:00:00Z,33.497364,-118.29208,21.8,283,21.2,-5.0
2021-10-02T03:00:00Z,33.497364,-118.29208,16.5,281,16.2,-3.2
2021-10-02T04:00:00Z,33.497364,-118.29208,15.6,285,15.1,-4.0
2021-10-02T05:00:00Z,33.497364,-118.29208,15.3,278,15.1,-2.2
2021-10-02T06:00:00Z,33.497364,-118.29208,11.4,281,11.2,-2.2
2021-10-02T07:00:00Z,33.497364,-118.29208,11.2,266,11.2,0.7
2021-10-02T08:00:00Z,33.497364,-118.29208,14.4,269,14.4,0.4
2021-10-02T09:00:00Z,33.497364,-118.29208,16.2,282,15.8,-3.2
2021-10-02T10:00:00Z,33.497364,-118.29208,16.4,285,15.8,-4.3
2021-10-02T11:00:00Z,33.497364,-118.29208,14.3,288,13.7,-4.3
2021-10-02T12:00:00Z,33.497364,-118.29208,13.7,300,11.9,-6.8
2021-10-02T13:00:00Z,33.497364,-118.29208,13.4,297,11.9,-6.1
2021-10-02T14:00:00Z,33.497364,-118.29208,11.4,298,10.1,-5.4
2021-10-02T15:00:00Z,33.497364,-118.29208,9.2,318,6.1,-6.8
2021-10-02T16:00:00Z,33.497364,-118.29208,6.5,326,3.6,-5.4
2021-10-02T17:00:00Z,33.497364,-118.29208,5.1,321,3.2,-4.0
2021-10-02T18:00:00Z,33.497364,-118.29208,7.4,317,5.0,-5.4
2021-10-02T19:00:00Z,33.497364,-118.29208,11.8,310,9.0,-7.6
2021-10-02T20:00:00Z,33.497364,-118.29208,18.2,297,16.2,-8.3
2021-10-02T21:00:00Z,33.497364,-118.29208,22.9,286,22.0,-6.5
2021-10-02T22:00:00Z,33.497364,-118.29208,25.2,280,24.8,-4.3
2021-10-02T23:00:00Z,33.497364,-118.29208,26.8,282,26.3,-5.4
2021-10-01T00:00:00Z,33.56766,-118.10408,29.3,291,27.4,-10.4
2021-10-01T01:00:00Z,33.56766,-118.10408,30.5,293,28.1,-11.9
2021-10-01T02:00:00Z,33.56766,-118.10408,28.7,292,26.6,-10.8
2021-10-01T03:00:00Z,33.56766,-118.10408,15.5,306,12.6,-9.0
2021-10-01T04:00:00Z,33.56766,-118.10408,5.9,322,3.6,-4.7
2021-10-01T05:00:00Z,33.56766,-118.10408,8.0,306,6.5,-4.7
2021-10-01T06:00:00Z,33.56766,-118.10408,9.1,326,5.0,-7.6
2021-10-01T07:00:00Z,33.56766,-118.10408,7.0,348,1.4,-6.8
2021-10-01T08:00:00Z,33.56766,-118.10408,1.1,162,-0.4,1.1
2021-10-01T09:00:00Z,33.56766,-118.10408,4.0,175,-0.4,4.0
2021-10-01T10:00:00Z,33.56766,-118.10408,9.4,173,-1.1,9.4
2021-10-01T11:00:00Z,33.56766,-118.10408,10.2,157,-4.0,9.4
2021-10-01T12:00:00Z,33.56766,-118.10408,8.9,130,-6.8,5.8
2021-10-01T13:00:00Z,33.56766,-118.10408,13.0,138,-8.6,9.7
2021-10-01T14:00:00Z,33.56766,-118.10408,12.5,129,-9.7,7.9
2021-10-01T15:00:00Z,33.56766,-118.10408,11.3,107,-10.8,3.2
2021-10-01T16:00:00Z,33.56766,-118.10408,10.8,90,-10.8,0.0
2021-10-01T17:00:00Z,33.56766,-118.10408,8.3,95,-8.3,0.7
2021-10-01T18:00:00Z,33.56766,-118.10408,4.1,135,-2.9,2.9
2021-10-01T19:00:00Z,33.56766,-118.10408,1.8,217,1.1,1.4
2021-10-01T20:00:00Z,33.56766,-118.10408,2.3,252,2.2,0.7
2021-10-01T21:00:00Z,33.56766,-118.10408,3.3,221,2.2,2.5
2021-10-01T22:00:00Z,33.56766,-118.10408,6.1,208,2.9,5.4
2021-10-01T23:00:00Z,33.56766,-118.10408,7.3,303,6.1,-4.0
2021-10-02T00:00:00Z,33.56766,-118.10408,10.1,333,4.7,-9.0
2021-10-02T01:00:00Z,33.56766,-118.10408,18.1,287,17.3,-5.4
2021-10-02T02:00:00Z,33.56766,-118.10408,19.6,290,18.4,-6.8
2021-10-02T03:00:00Z,33.56766,-118.10408,10.2,312,7.6,-6.8
2021-10-02T04:00:00Z,33.56766,-118.10408,8.3,304,6.8,-4.7
2021-10-02T05:00:00Z,33.56766,-118.10408,7.1,300,6.1,-3.6
2021-10-02T06:00:00Z,33.56766,-118.10408,6.3,294,5.8,-2.5
2021-10-02T07:00:00Z,33.56766,-118.10408,10.5,266,10.4,0.7
2021-10-02T08:00:00Z,33.56766,-118.10408,11.2,276,11.2,-1.1
2021-10-02T09:00:00Z,33.56766,-118.10408,12.6,294,11.5,-5.0
2021-10-02T10:00:00Z,33.56766,-118.10408,12.2,304,10.1,-6.8
2021-10-02T11:00:00Z,33.56766,-118.10408,9.2,315,6.5,-6.5
2021-10-02T12:00:00Z,33.56766,-118.10408,8.7,355,0.7,-8.6
2021-10-02T13:00:00Z,33.56766,-118.10408,6.6,351,1.1,-6.5
2021-10-02T14:00:00Z,33.56766,-118.10408,10.2,350,1.8,-10.1
2021-10-02T15:00:00Z,33.56766,-118.10408,10.2,10,-1.8,-10.1
2021-10-02T16:00:00Z,33.56766,-118.10408,6.6,29,-3.2,-5.8
2021-10-02T17:00:00Z,33.56766,-118.10408,2.3,18,-0.7,-2.2
2021-10-02T18:00:00Z,33.56766,-118.10408,5.4,290,5.0,-1.8
2021-10-02T19:00:00Z,33.56766,-118.10408,9.8,287,9.4,-2.9
2021-10-02T20:00:00Z,33.56766,-118.10408,14.5,284,14.0,-3.6
2021-10-02T21:00:00Z,33.56766,-118.10408,19.4,281,19.1,-3.6
2021-10-02T22:00:00Z,33.56766,-118.10408,23.9,276,23.8,-2.5
2021-10-02T23:00:00Z,33.56766,-118.10408,27.9,281,27.4,-5.4
2021-10-01T00:00:00Z,33.70826,-117.9503,19.5,282,19.1,-4.0
2021-10-01T01:00:00Z,33.70826,-117.9503,17.3,272,17.3,-0.7
2021-10-01T02:00:00Z,33.70826,-117.9503,8.2,322,5.0,-6.5
2021-10-01T03:00:00Z,33.70826,-117.9503,7.1,49,-5.4,-4.7
2021-10-01T04:00:00Z,33.70826,-117.9503,2.7,157,-1.1,2.5
2021-10-01T05:00:00Z,33.70826,-117.9503,4.0,180,0.0,4.0
2021-10-01T06:00:00Z,33.70826,-117.9503,5.6,195,1.4,5.4
2021-10-01T07:00:00Z,33.70826,-117.9503,4.9,216,2.9,4.0
2021-10-01T08:00:00Z,33.70826,-117.9503,2.5,135,-1.8,1.8
2021-10-01T09:00:00Z,33.70826,-117.9503,10.2,141,-6.5,7.9
2021-10-01T10:00:00Z,33.70826,-117.9503,9.2,141,-5.8,7.2
2021-10-01T11:00:00Z,33.70826,-117.9503,10.4,146,-5.8,8.6
2021-10-01T12:00:00Z,33.70826,-117.9503,8.4,140,-5.4,6.5
2021-10-01T13:00:00Z,33.70826,-117.9503,9.5,151,-4.7,8.3
2021-10-01T14:00:00Z,33.70826,-117.9503,9.4,113,-8.6,3.6
2021-10-01T15:00:00Z,33.70826,-117.9503,6.1,87,-6.1,-0.4
2021-10-01T16:00:00Z,33.70826,-117.9503,2.8,40,-1.8,-2.2
2021-10-01T17:00:00Z,33.70826,-117.9503,0.8,243,0.7,0.4
2021-10-01T18:00:00Z,33.70826,-117.9503,5.6,207,2.5,5.0
2021-10-01T19:00:00Z,33.70826,-117.9503,9.2,211,4.7,7.9
2021-10-01T20:00:00Z,33.70826,-117.9503,12.5,224,8.6,9.0
2021-10-01T21:00:00Z,33.70826,-117.9503,16.4,230,12.6,10.4
2021-10-01T22:00:00Z,33.70826,-117.9503,17.1,224,11.9,12.2
2021-10-01T23:00:00Z,33.70826,-117.9503,15.8,229,11.9,10.4
2021-10-02T00:00:00Z,33.70826,-117.9503,13.5,236,11.2,7.6
2021-10-02T01:00:00Z,33.70826,-117.9503,15.9,232,12.6,9.7
2021-10-02T02:00:00Z,33.70826,-117.9503,8.7,246,7.9,3.6
2021-10-02T03:00:00Z,33.70826,-117.9503,3.1,234,2.5,1.8
2021-10-02T04:00:00Z,33.70826,-117.9503,2.3,198,0.7,2.2
2021-10-02T05:00:00Z,33.70826,-117.9503,2.4,207,1.1,2.2
2021-10-02T06:00:00Z,33.70826,-117.9503,4.5,241,4.0,2.2
2021-10-02T07:00:00Z,33.70826,-117.9503,5.6,243,5.0,2.5
2021-10-02T08:00:00Z,33.70826,-117.9503,5.8,240,5.0,2.9
2021-10-02T09:00:00Z,33.70826,-117.9503,3.1,249,2.9,1.1
2021-10-02T10:00:00Z,33.70826,-117.9503,1.4,270,1.4,0.0
2021-10-02T11:00:00Z,33.70826,-117.9503,2.2,180,0.0,2.2
2021-10-02T12:00:00Z,33.70826,-117.9503,5.3,208,2.5,4.7
2021-10-02T13:00:00Z,33.70826,-117.9503,5.4,266,5.4,0.4
2021-10-02T14:00:00Z,33.70826,-117.9503,2.9,300,2.5,-1.4
2021-10-02T15:00:00Z,33.70826,-117.9503,0.5,225,0.4,0.4
2021-10-02T16:00:00Z,33.70826,-117.9503,2.7,203,1.1,2.5
2021-10-02T17:00:00Z,33.70826,-117.9503,5.4,233,4.3,3.2
2021-10-02T18:00:00Z,33.70826,-117.9503,7.5,253,7.2,2.2
2021-10-02T19:00:00Z,33.70826,-117.9503,10.4,256,10.1,2.5
2021-10-02T20:00:00Z,33.70826,-117.9503,14.2,254,13.7,4.0
2021-10-02T21:00:00Z,33.70826,-117.9503,18.5,243,16.6,8.3
2021-10-02T22:00:00Z,33.70826,-117.9503,20.4,244,18.4,9.0
2021-10-02T23:00:00Z,33.70826,-117.9503,19.4,260,19.1,3.2
2021-10-01T00:00:00Z,33.778557,-117.87312,19.9,276,19.8,-2.2
2021-10-01T01:00:00Z,33.778557,-117.87312,13.8,277,13.7,-1.8
2021-10-01T02:00:00Z,33.778557,-117.87312,8.2,337,3.2,-7.6
2021-10-01T03:00:00Z,33.778557,-117.87312,2.8,40,-1.8,-2.2
2021-10-01T04:00:00Z,33.778557,-117.87312,1.9,68,-1.8,-0.7
2021-10-01T05:00:00Z,33.778557,-117.87312,5.2,124,-4.3,2.9
2021-10-01T06:00:00Z,33.778557,-117.87312,5.3,208,2.5,4.7
2021-10-01T07:00:00Z,33.778557,-117.87312,2.5,45,-1.8,-1.8
2021-10-01T08:00:00Z,33.778557,-117.87312,5.0,60,-4.3,-2.5
2021-10-01T09:00:00Z,33.778557,-117.87312,7.9,90,-7.9,0.0
2021-10-01T10:00:00Z,33.778557,-117.87312,8.0,85,-7.9,-0.7
2021-10-01T11:00:00Z,33.778557,-117.87312,5.2,74,-5.0,-1.4
2021-10-01T12:00:00Z,33.778557,-117.87312,6.7,106,-6.5,1.8
2021-10-01T13:00:00Z,33.778557,-117.87312,5.2,115,-4.7,2.2
2021-10-01T14:00:00Z,33.778557,-117.87312,3.6,90,-3.6,0.0
2021-10-01T15:00:00Z,33.778557,-117.87312,1.3,34,-0.7,-1.1
2021-10-01T16:00:00Z,33.778557,-117.87312,4.0,297,3.6,-1.8
2021-10-01T17:00:00Z,33.778557,-117.87312,5.9,259,5.8,1.1
2021-10-01T18:00:00Z,33.778557,-117.87312,8.4,245,7.6,3.6
2021-10-01T19:00:00Z,33.778557,-117.87312,9.4,227,6.8,6.5
2021-10-01T20:00:00Z,33.778557,-117.87312,11.3,211,5.8,9.7
2021-10-01T21:00:00Z,33.778557,-117.87312,13.0,214,7.2,10.8
2021-10-01T22:00:00Z,33.778557,-117.87312,14.0,224,9.7,10.1
2021-10-01T23:00:00Z,33.778557,-117.87312,13.9,239,11.9,7.2
2021-10-02T00:00:00Z,33.778557,-117.87312,10.7,230,8.3,6.8
2021-10-02T01:00:00Z,33.778557,-117.87312,10.6,215,6.1,8.6
2021-10-02T02:00:00Z,33.778557,-117.87312,5.2,205,2.2,4.7
2021-10-02T03:00:00Z,33.778557,-117.87312,3.2,180,0.0,3.2
2021-10-02T04:00:00Z,33.778557,-117.87312,3.5,114,-3.2,1.4
2021-10-02T05:00:00Z,33.778557,-117.87312,5.1,82,-5.0,-0.7
2021-10-02T06:00:00Z,33.778557,-117.87312,3.1,36,-1.8,-2.5
2021-10-02T07:00:00Z,33.778557,-117.87312,1.9,68,-1.8,-0.7
2021-10-02T08:00:00Z,33.778557,-117.87312,4.9,163,-1.4,4.7
2021-10-02T09:00:00Z,33.778557,-117.87312,2.5,98,-2.5,0.4
2021-10-02T10:00:00Z,33.778557,-117.87312,1.9,68,-1.8,-0.7
2021-10-02T11:00:00Z,33.778557,-117.87312,3.2,63,-2.9,-1.4
2021-10-02T12:00:00Z,33.778557,-117.87312,4.9,107,-4.7,1.4
2021-10-02T13:00:00Z,33.778557,-117.87312,0.5,45,-0.4,-0.4
2021-10-02T14:00:00Z,33.778557,-117.87312,2.8,50,-2.2,-1.8
2021-10-02T15:00:00Z,33.778557,-117.87312,5.2,65,-4.7,-2.2
2021-10-02T16:00:00Z,33.778557,-117.87312,2.3,162,-0.7,2.2
2021-10-02T17:00:00Z,33.778557,-117.87312,5.6,225,4.0,4.0
2021-10-02T18:00:00Z,33.778557,-117.87312,8.4,250,7.9,2.9
2021-10-02T19:00:00Z,33.778557,-117.87312,9.4,263,9.4,1.1
2021-10-02T20:00:00Z,33.778557,-117.87312,12.0,254,11.5,3.2
2021-10-02T21:00:00Z,33.778557,-117.87312,16.2,238,13.7,8.6
2021-10-02T22:00:00Z,33.778557,-117.87312,17.1,229,13.0,11.2
2021-10-02T23:00:00Z,33.778557,-117.87312,12.8,248,11.9,4.7
