timestamp_utc,latitude,longitude,wind_speed_10m_mps,wind_direction_10m_deg,wind_u_10m_mps,wind_v_10m_mps,u10,v10
2020-08-04T00:00:00Z,-20.44,57.74,9.14,139,-6.0,6.9,-6.0,6.9
2020-08-04T01:00:00Z,-20.44,57.74,10.19,143,-6.14,8.14,-6.14,8.14
2020-08-04T02:00:00Z,-20.44,57.74,8.83,141,-5.56,6.86,-5.56,6.86
2020-08-04T03:00:00Z,-20.44,57.74,8.0,133,-5.85,5.46,-5.85,5.46
2020-08-04T04:00:00Z,-20.44,57.74,7.69,128,-6.06,4.74,-6.06,4.74
2020-08-04T05:00:00Z,-20.44,57.74,8.47,123,-7.11,4.61,-7.11,4.61
2020-08-04T06:00:00Z,-20.44,57.74,10.17,120,-8.8,5.08,-8.8,5.08
2020-08-04T07:00:00Z,-20.44,57.74,9.89,116,-8.89,4.34,-8.89,4.34
2020-08-04T08:00:00Z,-20.44,57.74,9.61,115,-8.71,4.06,-8.71,4.06
2020-08-04T09:00:00Z,-20.44,57.74,9.14,113,-8.41,3.57,-8.41,3.57
2020-08-04T10:00:00Z,-20.44,57.74,9.39,114,-8.58,3.82,-8.58,3.82
2020-08-04T11:00:00Z,-20.44,57.74,8.89,113,-8.18,3.47,-8.18,3.47
2020-08-04T12:00:00Z,-20.44,57.74,9.17,118,-8.09,4.3,-8.09,4.3
2020-08-04T13:00:00Z,-20.44,57.74,8.86,118,-7.82,4.16,-7.82,4.16
2020-08-04T14:00:00Z,-20.44,57.74,9.08,118,-8.02,4.26,-8.02,4.26
2020-08-04T15:00:00Z,-20.44,57.74,8.72,117,-7.77,3.96,-7.77,3.96
2020-08-04T16:00:00Z,-20.44,57.74,8.67,116,-7.79,3.8,-7.79,3.8
2020-08-04T17:00:00Z,-20.44,57.74,7.92,116,-7.12,3.47,-7.12,3.47
2020-08-04T18:00:00Z,-20.44,57.74,8.56,113,-7.88,3.34,-7.88,3.34
2020-08-04T19:00:00Z,-20.44,57.74,7.75,112,-7.19,2.9,-7.19,2.9
2020-08-04T20:00:00Z,-20.44,57.74,7.56,110,-7.1,2.58,-7.1,2.58
2020-08-04T21:00:00Z,-20.44,57.74,7.94,109,-7.51,2.59,-7.51,2.59
2020-08-04T22:00:00Z,-20.44,57.74,6.72,105,-6.49,1.74,-6.49,1.74
2020-08-04T23:00:00Z,-20.44,57.74,6.78,104,-6.58,1.64,-6.58,1.64
2020-08-05T00:00:00Z,-20.44,57.74,5.69,100,-5.61,0.99,-5.61,0.99
2020-08-05T01:00:00Z,-20.44,57.74,7.14,105,-6.9,1.85,-6.9,1.85
2020-08-05T02:00:00Z,-20.44,57.74,5.42,106,-5.21,1.49,-5.21,1.49
2020-08-05T03:00:00Z,-20.44,57.74,5.06,108,-4.81,1.56,-4.81,1.56
2020-08-05T04:00:00Z,-20.44,57.74,5.94,107,-5.68,1.74,-5.68,1.74
2020-08-05T05:00:00Z,-20.44,57.74,6.36,112,-5.9,2.38,-5.9,2.38
2020-08-05T06:00:00Z,-20.44,57.74,5.53,103,-5.39,1.24,-5.39,1.24
2020-08-05T07:00:00Z,-20.44,57.74,5.97,104,-5.79,1.44,-5.79,1.44
2020-08-05T08:00:00Z,-20.44,57.74,5.47,98,-5.42,0.76,-5.42,0.76
2020-08-05T09:00:00Z,-20.44,57.74,5.69,92,-5.69,0.2,-5.69,0.2
2020-08-05T10:00:00Z,-20.44,57.74,6.39,89,-6.39,-0.11,-6.39,-0.11
2020-08-05T11:00:00Z,-20.44,57.74,6.39,89,-6.39,-0.11,-6.39,-0.11
2020-08-05T12:00:00Z,-20.44,57.74,6.11,91,-6.11,0.11,-6.11,0.11
2020-08-05T13:00:00Z,-20.44,57.74,5.36,99,-5.3,0.84,-5.3,0.84
2020-08-05T14:00:00Z,-20.44,57.74,4.11,108,-3.91,1.27,-3.91,1.27
2020-08-05T15:00:00Z,-20.44,57.74,3.94,111,-3.68,1.41,-3.68,1.41
2020-08-05T16:00:00Z,-20.44,57.74,4.22,112,-3.91,1.58,-3.91,1.58
2020-08-05T17:00:00Z,-20.44,57.74,4.06,110,-3.81,1.39,-3.81,1.39
2020-08-05T18:00:00Z,-20.44,57.74,4.0,112,-3.71,1.5,-3.71,1.5
2020-08-05T19:00:00Z,-20.44,57.74,4.17,111,-3.89,1.49,-3.89,1.49
2020-08-05T20:00:00Z,-20.44,57.74,4.25,114,-3.88,1.73,-3.88,1.73
2020-08-05T21:00:00Z,-20.44,57.74,3.97,115,-3.6,1.68,-3.6,1.68
2020-08-05T22:00:00Z,-20.44,57.74,4.25,109,-4.02,1.38,-4.02,1.38
2020-08-05T23:00:00Z,-20.44,57.74,3.89,102,-3.8,0.81,-3.8,0.81
2020-08-06T00:00:00Z,-20.44,57.74,4.11,104,-3.99,0.99,-3.99,0.99
2020-08-06T01:00:00Z,-20.44,57.74,3.64,98,-3.6,0.51,-3.6,0.51
2020-08-06T02:00:00Z,-20.44,57.74,4.25,99,-4.2,0.66,-4.2,0.66
2020-08-06T03:00:00Z,-20.44,57.74,4.25,98,-4.21,0.59,-4.21,0.59
2020-08-06T04:00:00Z,-20.44,57.74,4.69,101,-4.61,0.9,-4.61,0.9
2020-08-06T05:00:00Z,-20.44,57.74,6.22,105,-6.01,1.61,-6.01,1.61
2020-08-06T06:00:00Z,-20.44,57.74,6.22,114,-5.68,2.53,-5.68,2.53
2020-08-06T07:00:00Z,-20.44,57.74,6.94,118,-6.13,3.26,-6.13,3.26
2020-08-06T08:00:00Z,-20.44,57.74,6.47,117,-5.77,2.94,-5.77,2.94
2020-08-06T09:00:00Z,-20.44,57.74,5.86,115,-5.31,2.48,-5.31,2.48
2020-08-06T10:00:00Z,-20.44,57.74,5.58,114,-5.1,2.27,-5.1,2.27
2020-08-06T11:00:00Z,-20.44,57.74,5.75,113,-5.29,2.25,-5.29,2.25
2020-08-06T12:00:00Z,-20.44,57.74,5.72,106,-5.5,1.58,-5.5,1.58
2020-08-06T13:00:00Z,-20.44,57.74,5.61,106,-5.39,1.55,-5.39,1.55
2020-08-06T14:00:00Z,-20.44,57.74,5.33,107,-5.1,1.56,-5.1,1.56
2020-08-06T15:00:00Z,-20.44,57.74,4.36,106,-4.19,1.2,-4.19,1.2
2020-08-06T16:00:00Z,-20.44,57.74,4.86,109,-4.6,1.58,-4.6,1.58
2020-08-06T17:00:00Z,-20.44,57.74,5.03,107,-4.81,1.47,-4.81,1.47
2020-08-06T18:00:00Z,-20.44,57.74,5.14,103,-5.01,1.16,-5.01,1.16
2020-08-06T19:00:00Z,-20.44,57.74,5.33,103,-5.2,1.2,-5.2,1.2
2020-08-06T20:00:00Z,-20.44,57.74,4.94,97,-4.91,0.6,-4.91,0.6
2020-08-06T21:00:00Z,-20.44,57.74,4.92,77,-4.79,-1.11,-4.79,-1.11
2020-08-06T22:00:00Z,-20.44,57.74,3.5,95,-3.49,0.31,-3.49,0.31
2020-08-06T23:00:00Z,-20.44,57.74,3.58,108,-3.41,1.11,-3.41,1.11
2020-08-07T00:00:00Z,-20.44,57.74,3.22,120,-2.79,1.61,-2.79,1.61
2020-08-07T01:00:00Z,-20.44,57.74,3.97,102,-3.89,0.83,-3.89,0.83
2020-08-07T02:00:00Z,-20.44,57.74,4.69,101,-4.61,0.9,-4.61,0.9
2020-08-07T03:00:00Z,-20.44,57.74,5.47,99,-5.4,0.86,-5.4,0.86
2020-08-07T04:00:00Z,-20.44,57.74,5.94,98,-5.89,0.83,-5.89,0.83
2020-08-07T05:00:00Z,-20.44,57.74,5.92,106,-5.69,1.63,-5.69,1.63
2020-08-07T06:00:00Z,-20.44,57.74,6.31,108,-6.0,1.95,-6.0,1.95
2020-08-07T07:00:00Z,-20.44,57.74,5.56,104,-5.39,1.34,-5.39,1.34
2020-08-07T08:00:00Z,-20.44,57.74,5.22,102,-5.11,1.09,-5.11,1.09
2020-08-07T09:00:00Z,-20.44,57.74,4.39,107,-4.2,1.28,-4.2,1.28
2020-08-07T10:00:00Z,-20.44,57.74,5.22,107,-4.99,1.53,-4.99,1.53
2020-08-07T11:00:00Z,-20.44,57.74,5.86,99,-5.79,0.92,-5.79,0.92
2020-08-07T12:00:00Z,-20.44,57.74,5.61,86,-5.6,-0.39,-5.6,-0.39
2020-08-07T13:00:00Z,-20.44,57.74,5.11,87,-5.1,-0.27,-5.1,-0.27
2020-08-07T14:00:00Z,-20.44,57.74,4.31,89,-4.3,-0.08,-4.3,-0.08
2020-08-07T15:00:00Z,-20.44,57.74,4.5,86,-4.49,-0.31,-4.49,-0.31
2020-08-07T16:00:00Z,-20.44,57.74,4.14,82,-4.1,-0.58,-4.1,-0.58
2020-08-07T17:00:00Z,-20.44,57.74,3.56,80,-3.5,-0.62,-3.5,-0.62
2020-08-07T18:00:00Z,-20.44,57.74,4.08,79,-4.01,-0.78,-4.01,-0.78
2020-08-07T19:00:00Z,-20.44,57.74,3.83,75,-3.7,-0.99,-3.7,-0.99
2020-08-07T20:00:00Z,-20.44,57.74,3.22,64,-2.9,-1.41,-2.9,-1.41
2020-08-07T21:00:00Z,-20.44,57.74,3.03,63,-2.7,-1.37,-2.7,-1.37
2020-08-07T22:00:00Z,-20.44,57.74,3.0,64,-2.7,-1.32,-2.7,-1.32
2020-08-07T23:00:00Z,-20.44,57.74,2.92,63,-2.6,-1.32,-2.6,-1.32
