candidate_id,mmsi,vessel_name,imo,vessel_type,candidate_position_lat,candidate_position_lon,candidate_sog_knots,candidate_cog_deg,candidate_timestamp_utc,distance_to_source_km,distance_threshold_km,source_plausibility,source_hypothesis_id,source_slick_id,source_age_hours,ais_track_quality,ais_gap_seconds,retention_reason
VC_0001,338183593,CALYPSO,IMO0000000,36.0,33.44174,-118.4948,0.0,360.0,2021-10-01T23:58:36.165236+00:00,6.409,10.154,0.5641,SH_0001,CS_0010,2.0,near_boundary_first_ping,553.0,Vessel within 6.41 km of hypothesis SH_0001 centroid (threshold 10.15 km) at estimated release time
VC_0002,338335196,LAST DANCE,IMO0000000,37.0,33.38934,-118.36407,0.7,305.2,2021-10-01T23:58:36.165236+00:00,7.082,10.154,0.5641,SH_0001,CS_0010,2.0,near_boundary_first_ping,366.0,Vessel within 7.08 km of hypothesis SH_0001 centroid (threshold 10.15 km) at estimated release time
VC_0003,338423701,LEGASEA,IMO0000000,37.0,33.44746,-118.4988,0.2,360.0,2021-10-01T23:58:36.165236+00:00,7.003,10.154,0.5641,SH_0001,CS_0010,2.0,near_boundary_first_ping,402.0,Vessel within 7.00 km of hypothesis SH_0001 centroid (threshold 10.15 km) at estimated release time
VC_0004,338424255,ROAM,IMO0000000,37.0,33.39298,-118.36677,0.1,235.9,2021-10-01T23:58:36.165236+00:00,6.669,10.154,0.5641,SH_0001,CS_0010,2.0,near_boundary_first_ping,97.0,Vessel within 6.67 km of hypothesis SH_0001 centroid (threshold 10.15 km) at estimated release time
VC_0005,357104000,MAERSK ESMERALDAS,IMO9502972,70.0,33.5087,-118.43194,0.2,63.0,2021-10-01T23:58:36.165236+00:00,9.803,10.154,0.5641,SH_0001,CS_0010,2.0,near_boundary_first_ping,86.0,Vessel within 9.80 km of hypothesis SH_0001 centroid (threshold 10.15 km) at estimated release time
VC_0006,367352670,PATIENCE,IMO0000000,36.0,33.44397,-118.49901,0.1,151.3,2021-10-01T23:58:36.165236+00:00,6.864,10.154,0.5641,SH_0001,CS_0010,2.0,near_boundary_first_ping,360.0,Vessel within 6.86 km of hypothesis SH_0001 centroid (threshold 10.15 km) at estimated release time
VC_0007,367430660,CRYSTAL II,UNKNOWN,37.0,33.44588,-118.49278,0.3,135.1,2021-10-01T23:58:36.165236+00:00,6.423,10.154,0.5641,SH_0001,CS_0010,2.0,near_boundary_first_ping,85.0,Vessel within 6.42 km of hypothesis SH_0001 centroid (threshold 10.15 km) at estimated release time
VC_0008,368021110,SOME TUESDAY,IMO0000000,36.0,33.44686,-118.498,0.3,282.0,2021-10-01T23:58:36.165236+00:00,6.907,10.154,0.5641,SH_0001,CS_0010,2.0,near_boundary_first_ping,126.0,Vessel within 6.91 km of hypothesis SH_0001 centroid (threshold 10.15 km) at estimated release time
VC_0009,368106540,JIMNI,IMO0000000,37.0,33.44524,-118.49618,0.2,105.0,2021-10-01T23:58:36.165236+00:00,6.679,10.154,0.5641,SH_0001,CS_0010,2.0,near_boundary_first_ping,416.0,Vessel within 6.68 km of hypothesis SH_0001 centroid (threshold 10.15 km) at estimated release time
VC_0010,538009073,TS MANILA,IMO9363429,70.0,33.47067,-118.38198,0.7,161.0,2021-10-01T23:58:36.165236+00:00,7.169,10.154,0.5641,SH_0001,CS_0010,2.0,near_boundary_first_ping,84.0,Vessel within 7.17 km of hypothesis SH_0001 centroid (threshold 10.15 km) at estimated release time
VC_0011,338183593,CALYPSO,IMO0000000,36.0,33.44174,-118.4948,0.0,360.0,2021-10-01T23:58:36.165236+00:00,8.172,10.264,0.599,SH_0008,CS_0015,2.0,near_boundary_first_ping,553.0,Vessel within 8.17 km of hypothesis SH_0008 centroid (threshold 10.26 km) at estimated release time
VC_0012,338335196,LAST DANCE,IMO0000000,37.0,33.38934,-118.36407,0.7,305.2,2021-10-01T23:58:36.165236+00:00,5.34,10.264,0.599,SH_0008,CS_0015,2.0,near_boundary_first_ping,366.0,Vessel within 5.34 km of hypothesis SH_0008 centroid (threshold 10.26 km) at estimated release time
VC_0013,338423701,LEGASEA,IMO0000000,37.0,33.44746,-118.4988,0.2,360.0,2021-10-01T23:58:36.165236+00:00,8.763,10.264,0.599,SH_0008,CS_0015,2.0,near_boundary_first_ping,402.0,Vessel within 8.76 km of hypothesis SH_0008 centroid (threshold 10.26 km) at estimated release time
VC_0014,338424255,ROAM,IMO0000000,37.0,33.39298,-118.36677,0.1,235.9,2021-10-01T23:58:36.165236+00:00,4.918,10.264,0.599,SH_0008,CS_0015,2.0,near_boundary_first_ping,97.0,Vessel within 4.92 km of hypothesis SH_0008 centroid (threshold 10.26 km) at estimated release time
VC_0015,367352670,PATIENCE,IMO0000000,36.0,33.44397,-118.49901,0.1,151.3,2021-10-01T23:58:36.165236+00:00,8.627,10.264,0.599,SH_0008,CS_0015,2.0,near_boundary_first_ping,360.0,Vessel within 8.63 km of hypothesis SH_0008 centroid (threshold 10.26 km) at estimated release time
VC_0016,367430660,CRYSTAL II,UNKNOWN,37.0,33.44588,-118.49278,0.3,135.1,2021-10-01T23:58:36.165236+00:00,8.182,10.264,0.599,SH_0008,CS_0015,2.0,near_boundary_first_ping,85.0,Vessel within 8.18 km of hypothesis SH_0008 centroid (threshold 10.26 km) at estimated release time
VC_0017,368021110,SOME TUESDAY,IMO0000000,36.0,33.44686,-118.498,0.3,282.0,2021-10-01T23:58:36.165236+00:00,8.667,10.264,0.599,SH_0008,CS_0015,2.0,near_boundary_first_ping,126.0,Vessel within 8.67 km of hypothesis SH_0008 centroid (threshold 10.26 km) at estimated release time
VC_0018,368106540,JIMNI,IMO0000000,37.0,33.44524,-118.49618,0.2,105.0,2021-10-01T23:58:36.165236+00:00,8.44,10.264,0.599,SH_0008,CS_0015,2.0,near_boundary_first_ping,416.0,Vessel within 8.44 km of hypothesis SH_0008 centroid (threshold 10.26 km) at estimated release time
VC_0019,538009073,TS MANILA,IMO9363429,70.0,33.47067,-118.38198,0.7,161.0,2021-10-01T23:58:36.165236+00:00,6.855,10.264,0.599,SH_0008,CS_0015,2.0,near_boundary_first_ping,84.0,Vessel within 6.85 km of hypothesis SH_0008 centroid (threshold 10.26 km) at estimated release time
