hypothesis_id,candidate_id,mmsi,vessel_name,imo,vessel_type,release_lat,release_lon,release_timestamp,source_age_hours,source_plausibility,ais_lat,ais_lon,vessel_source_distance_m,ais_track_quality,gap_status,compatibility_status,source_hypothesis_id,source_slick_id,causal_precedence_status,causal_precedence_score,causal_eligibility,pre_release_evidence,post_release_evidence,source_age_plausibility,source_age_score,source_age_explanation,causal_explanation
4DH_0001,VC_0001,338183593,CALYPSO,IMO0000000,36.0,33.420547,-118.430572,2021-10-01T23:58:36.165236+00:00,2.0,0.5641,33.44174,-118.4948,6409.16,near_boundary_first_ping,553.0s,COMPATIBLE,SH_0001,CS_0010,POST_EVENT_ONLY,0.0,False,False,True,LOW,0.35,Hypothesized source age 2.0h is unphysically young for an observed slick area of 0.0870 km² (estimated physical spreading time ≥ 4.4h).,Vessel first appeared 553.0s after hypothesized release; ineligible for source attribution.
4DH_0002,VC_0002,338335196,LAST DANCE,IMO0000000,37.0,33.420547,-118.430572,2021-10-01T23:58:36.165236+00:00,2.0,0.5641,33.38934,-118.36407,7081.55,near_boundary_first_ping,366.0s,COMPATIBLE,SH_0001,CS_0010,POST_EVENT_ONLY,0.0,False,False,True,LOW,0.35,Hypothesized source age 2.0h is unphysically young for an observed slick area of 0.0870 km² (estimated physical spreading time ≥ 4.4h).,Vessel first appeared 366.0s after hypothesized release; ineligible for source attribution.
4DH_0003,VC_0003,338423701,LEGASEA,IMO0000000,37.0,33.420547,-118.430572,2021-10-01T23:58:36.165236+00:00,2.0,0.5641,33.44746,-118.4988,7002.82,near_boundary_first_ping,402.0s,COMPATIBLE,SH_0001,CS_0010,POST_EVENT_ONLY,0.0,False,False,True,LOW,0.35,Hypothesized source age 2.0h is unphysically young for an observed slick area of 0.0870 km² (estimated physical spreading time ≥ 4.4h).,Vessel first appeared 402.0s after hypothesized release; ineligible for source attribution.
4DH_0004,VC_0004,338424255,ROAM,IMO0000000,37.0,33.420547,-118.430572,2021-10-01T23:58:36.165236+00:00,2.0,0.5641,33.39298,-118.36677,6668.59,near_boundary_first_ping,97.0s,COMPATIBLE,SH_0001,CS_0010,AT_RELEASE,1.0,True,False,True,LOW,0.35,Hypothesized source age 2.0h is unphysically young for an observed slick area of 0.0870 km² (estimated physical spreading time ≥ 4.4h).,Vessel observed within 97.0s of hypothesized release time.
4DH_0005,VC_0005,357104000,MAERSK ESMERALDAS,IMO9502972,70.0,33.420547,-118.430572,2021-10-01T23:58:36.165236+00:00,2.0,0.5641,33.5087,-118.43194,9802.99,near_boundary_first_ping,86.0s,COMPATIBLE,SH_0001,CS_0010,AT_RELEASE,1.0,True,False,True,LOW,0.35,Hypothesized source age 2.0h is unphysically young for an observed slick area of 0.0870 km² (estimated physical spreading time ≥ 4.4h).,Vessel observed within 86.0s of hypothesized release time.
4DH_0006,VC_0006,367352670,PATIENCE,IMO0000000,36.0,33.420547,-118.430572,2021-10-01T23:58:36.165236+00:00,2.0,0.5641,33.44397,-118.49901,6864.12,near_boundary_first_ping,360.0s,COMPATIBLE,SH_0001,CS_0010,POST_EVENT_ONLY,0.0,False,False,True,LOW,0.35,Hypothesized source age 2.0h is unphysically young for an observed slick area of 0.0870 km² (estimated physical spreading time ≥ 4.4h).,Vessel first appeared 360.0s after hypothesized release; ineligible for source attribution.
4DH_0007,VC_0007,367430660,CRYSTAL II,UNKNOWN,37.0,33.420547,-118.430572,2021-10-01T23:58:36.165236+00:00,2.0,0.5641,33.44588,-118.49278,6423.24,near_boundary_first_ping,85.0s,COMPATIBLE,SH_0001,CS_0010,AT_RELEASE,1.0,True,False,True,LOW,0.35,Hypothesized source age 2.0h is unphysically young for an observed slick area of 0.0870 km² (estimated physical spreading time ≥ 4.4h).,Vessel observed within 85.0s of hypothesized release time.
4DH_0008,VC_0008,368021110,SOME TUESDAY,IMO0000000,36.0,33.420547,-118.430572,2021-10-01T23:58:36.165236+00:00,2.0,0.5641,33.44686,-118.498,6907.27,near_boundary_first_ping,126.0s,COMPATIBLE,SH_0001,CS_0010,AT_RELEASE,1.0,True,False,True,LOW,0.35,Hypothesized source age 2.0h is unphysically young for an observed slick area of 0.0870 km² (estimated physical spreading time ≥ 4.4h).,Vessel observed within 126.0s of hypothesized release time.
4DH_0009,VC_0009,368106540,JIMNI,IMO0000000,37.0,33.420547,-118.430572,2021-10-01T23:58:36.165236+00:00,2.0,0.5641,33.44524,-118.49618,6678.66,near_boundary_first_ping,416.0s,COMPATIBLE,SH_0001,CS_0010,POST_EVENT_ONLY,0.0,False,False,True,LOW,0.35,Hypothesized source age 2.0h is unphysically young for an observed slick area of 0.0870 km² (estimated physical spreading time ≥ 4.4h).,Vessel first appeared 416.0s after hypothesized release; ineligible for source attribution.
4DH_0010,VC_0010,538009073,TS MANILA,IMO9363429,70.0,33.420547,-118.430572,2021-10-01T23:58:36.165236+00:00,2.0,0.5641,33.47067,-118.38198,7168.63,near_boundary_first_ping,84.0s,COMPATIBLE,SH_0001,CS_0010,AT_RELEASE,1.0,True,False,True,LOW,0.35,Hypothesized source age 2.0h is unphysically young for an observed slick area of 0.0870 km² (estimated physical spreading time ≥ 4.4h).,Vessel observed within 84.0s of hypothesized release time.
4DH_0011,VC_0011,338183593,CALYPSO,IMO0000000,36.0,33.414692,-118.412924,2021-10-01T23:58:36.165236+00:00,2.0,0.599,33.44174,-118.4948,8171.75,near_boundary_first_ping,553.0s,COMPATIBLE,SH_0008,CS_0015,POST_EVENT_ONLY,0.0,False,False,True,LOW,0.35,Hypothesized source age 2.0h is unphysically young for an observed slick area of 0.1636 km² (estimated physical spreading time ≥ 6.1h).,Vessel first appeared 553.0s after hypothesized release; ineligible for source attribution.
4DH_0012,VC_0012,338335196,LAST DANCE,IMO0000000,37.0,33.414692,-118.412924,2021-10-01T23:58:36.165236+00:00,2.0,0.599,33.38934,-118.36407,5339.81,near_boundary_first_ping,366.0s,COMPATIBLE,SH_0008,CS_0015,POST_EVENT_ONLY,0.0,False,False,True,LOW,0.35,Hypothesized source age 2.0h is unphysically young for an observed slick area of 0.1636 km² (estimated physical spreading time ≥ 6.1h).,Vessel first appeared 366.0s after hypothesized release; ineligible for source attribution.
4DH_0013,VC_0013,338423701,LEGASEA,IMO0000000,37.0,33.414692,-118.412924,2021-10-01T23:58:36.165236+00:00,2.0,0.599,33.44746,-118.4988,8762.56,near_boundary_first_ping,402.0s,COMPATIBLE,SH_0008,CS_0015,POST_EVENT_ONLY,0.0,False,False,True,LOW,0.35,Hypothesized source age 2.0h is unphysically young for an observed slick area of 0.1636 km² (estimated physical spreading time ≥ 6.1h).,Vessel first appeared 402.0s after hypothesized release; ineligible for source attribution.
4DH_0014,VC_0014,338424255,ROAM,IMO0000000,37.0,33.414692,-118.412924,2021-10-01T23:58:36.165236+00:00,2.0,0.599,33.39298,-118.36677,4917.74,near_boundary_first_ping,97.0s,COMPATIBLE,SH_0008,CS_0015,AT_RELEASE,1.0,True,False,True,LOW,0.35,Hypothesized source age 2.0h is unphysically young for an observed slick area of 0.1636 km² (estimated physical spreading time ≥ 6.1h).,Vessel observed within 97.0s of hypothesized release time.
4DH_0015,VC_0015,367352670,PATIENCE,IMO0000000,36.0,33.414692,-118.412924,2021-10-01T23:58:36.165236+00:00,2.0,0.599,33.44397,-118.49901,8626.62,near_boundary_first_ping,360.0s,COMPATIBLE,SH_0008,CS_0015,POST_EVENT_ONLY,0.0,False,False,True,LOW,0.35,Hypothesized source age 2.0h is unphysically young for an observed slick area of 0.1636 km² (estimated physical spreading time ≥ 6.1h).,Vessel first appeared 360.0s after hypothesized release; ineligible for source attribution.
4DH_0016,VC_0016,367430660,CRYSTAL II,UNKNOWN,37.0,33.414692,-118.412924,2021-10-01T23:58:36.165236+00:00,2.0,0.599,33.44588,-118.49278,8181.83,near_boundary_first_ping,85.0s,COMPATIBLE,SH_0008,CS_0015,AT_RELEASE,1.0,True,False,True,LOW,0.35,Hypothesized source age 2.0h is unphysically young for an observed slick area of 0.1636 km² (estimated physical spreading time ≥ 6.1h).,Vessel observed within 85.0s of hypothesized release time.
4DH_0017,VC_0017,368021110,SOME TUESDAY,IMO0000000,36.0,33.414692,-118.412924,2021-10-01T23:58:36.165236+00:00,2.0,0.599,33.44686,-118.498,8667.38,near_boundary_first_ping,126.0s,COMPATIBLE,SH_0008,CS_0015,AT_RELEASE,1.0,True,False,True,LOW,0.35,Hypothesized source age 2.0h is unphysically young for an observed slick area of 0.1636 km² (estimated physical spreading time ≥ 6.1h).,Vessel observed within 126.0s of hypothesized release time.
4DH_0018,VC_0018,368106540,JIMNI,IMO0000000,37.0,33.414692,-118.412924,2021-10-01T23:58:36.165236+00:00,2.0,0.599,33.44524,-118.49618,8439.79,near_boundary_first_ping,416.0s,COMPATIBLE,SH_0008,CS_0015,POST_EVENT_ONLY,0.0,False,False,True,LOW,0.35,Hypothesized source age 2.0h is unphysically young for an observed slick area of 0.1636 km² (estimated physical spreading time ≥ 6.1h).,Vessel first appeared 416.0s after hypothesized release; ineligible for source attribution.
4DH_0019,VC_0019,538009073,TS MANILA,IMO9363429,70.0,33.414692,-118.412924,2021-10-01T23:58:36.165236+00:00,2.0,0.599,33.47067,-118.38198,6854.74,near_boundary_first_ping,84.0s,COMPATIBLE,SH_0008,CS_0015,AT_RELEASE,1.0,True,False,True,LOW,0.35,Hypothesized source age 2.0h is unphysically young for an observed slick area of 0.1636 km² (estimated physical spreading time ≥ 6.1h).,Vessel observed within 84.0s of hypothesized release time.
