hypothesis_id,candidate_id,source_age_hours,estimated_release_time_utc,centroid_lat,centroid_lon,bbox_west,bbox_south,bbox_east,bbox_north,dispersion_std_km,active_particle_fraction,particle_count,source_plausibility
SH_0001,CS_0035,2.0,2019-09-08T09:25:31.797740+00:00,31.115912,-81.41812,-81.422758,31.110924,-81.412469,31.121349,0.12,1.0,500,0.5274
SH_0002,CS_0035,4.0,2019-09-08T07:25:31.797740+00:00,31.110186,-81.421491,-81.427574,31.103484,-81.41485,31.118231,0.151,1.0,500,0.4967
SH_0003,CS_0035,6.0,2019-09-08T05:25:31.797740+00:00,31.103675,-81.425044,-81.432533,31.094531,-81.41785,31.11217,0.169,1.0,500,0.4678
SH_0004,CS_0035,8.0,2019-09-08T03:25:31.797740+00:00,31.094595,-81.427598,-81.43689,31.085223,-81.420087,31.102543,0.184,1.0,500,0.4405
SH_0005,CS_0035,12.0,2019-09-07T23:25:31.797740+00:00,31.075746,-81.427038,-81.437559,31.066825,-81.416157,31.084199,0.217,1.0,500,0.3907
SH_0006,CS_0035,18.0,2019-09-07T17:25:31.797740+00:00,31.047147,-81.40956,-81.421493,31.038317,-81.398905,31.057192,0.25,1.0,500,0.3263
SH_0007,CS_0035,24.0,2019-09-07T11:25:31.797740+00:00,31.042631,-81.417585,-81.433955,31.031747,-81.404308,31.054456,0.289,1.0,500,0.2726
SH_0008,CS_0065,2.0,2019-09-08T09:25:31.797740+00:00,31.095025,-81.43345,-81.437299,31.091786,-81.428944,31.097902,0.077,1.0,500,0.5321
SH_0009,CS_0065,4.0,2019-09-08T07:25:31.797740+00:00,31.089295,-81.43682,-81.442629,31.084346,-81.431025,31.093444,0.115,1.0,500,0.5011
SH_0010,CS_0065,6.0,2019-09-08T05:25:31.797740+00:00,31.083282,-81.440175,-81.446456,31.075393,-81.434698,31.088685,0.134,1.0,500,0.4719
SH_0011,CS_0065,8.0,2019-09-08T03:25:31.797740+00:00,31.075945,-81.442111,-81.449069,31.067219,-81.436094,31.083198,0.166,1.0,500,0.4444
SH_0012,CS_0065,12.0,2019-09-07T23:25:31.797740+00:00,31.061615,-81.440565,-81.449379,31.048826,-81.433525,31.071944,0.256,1.0,500,0.3942
SH_0013,CS_0065,18.0,2019-09-07T17:25:31.797740+00:00,31.033816,-81.422837,-81.432335,31.018976,-81.414656,31.046532,0.323,1.0,500,0.3293
SH_0014,CS_0065,24.0,2019-09-07T11:25:31.797740+00:00,31.028128,-81.430626,-81.444533,31.008119,-81.418341,31.043512,0.379,1.0,500,0.275
SH_0015,CS_0092,2.0,2019-09-08T09:25:31.797740+00:00,31.08257,-81.452775,-81.457722,31.079169,-81.447728,31.085574,0.096,1.0,500,0.5434
SH_0016,CS_0092,4.0,2019-09-08T07:25:31.797740+00:00,31.079111,-81.455612,-81.463162,31.074751,-81.448998,31.083115,0.127,1.0,500,0.5118
SH_0017,CS_0092,6.0,2019-09-08T05:25:31.797740+00:00,31.074782,-81.458345,-81.466988,31.068018,-81.451203,31.079233,0.144,1.0,500,0.482
SH_0018,CS_0092,8.0,2019-09-08T03:25:31.797740+00:00,31.068032,-81.460067,-81.46788,31.061246,-81.451276,31.074492,0.169,1.0,500,0.4539
SH_0019,CS_0092,12.0,2019-09-07T23:25:31.797740+00:00,31.054937,-81.458279,-81.46822,31.047027,-81.448652,31.0634,0.203,1.0,500,0.4026
SH_0020,CS_0092,18.0,2019-09-07T17:25:31.797740+00:00,31.034819,-81.43823,-81.449648,31.023924,-81.429389,31.044879,0.244,1.0,500,0.3362
SH_0021,CS_0092,24.0,2019-09-07T11:25:31.797740+00:00,31.032966,-81.444911,-81.461125,31.017192,-81.434455,31.04654,0.376,1.0,500,0.2809
SH_0022,CS_0114,2.0,2019-09-08T09:25:31.797740+00:00,31.062942,-81.404052,-81.408689,31.057581,-81.399413,31.067802,0.112,1.0,500,0.5782
SH_0023,CS_0114,4.0,2019-09-08T07:25:31.797740+00:00,31.057201,-81.407424,-81.413536,31.050231,-81.400751,31.063115,0.141,1.0,500,0.5446
SH_0024,CS_0114,6.0,2019-09-08T05:25:31.797740+00:00,31.05069,-81.410975,-81.417427,31.041278,-81.405097,31.057824,0.16,1.0,500,0.5129
SH_0025,CS_0114,8.0,2019-09-08T03:25:31.797740+00:00,31.041608,-81.413528,-81.422442,31.032687,-81.406945,31.049911,0.18,1.0,500,0.483
SH_0026,CS_0114,12.0,2019-09-07T23:25:31.797740+00:00,31.022043,-81.412858,-81.423895,31.013082,-81.404302,31.032774,0.22,1.0,500,0.4284
SH_0027,CS_0114,18.0,2019-09-07T17:25:31.797740+00:00,30.987785,-81.39459,-81.405269,30.975943,-81.384789,31.00206,0.273,1.0,500,0.3578
SH_0028,CS_0114,24.0,2019-09-07T11:25:31.797740+00:00,30.976205,-81.401225,-81.41724,30.962301,-81.388165,30.994473,0.321,1.0,500,0.2989
SH_0029,CS_0161,2.0,2019-09-08T09:25:31.797740+00:00,31.028268,-81.414849,-81.419786,31.01971,-81.409392,31.037193,0.218,1.0,500,0.6592
SH_0030,CS_0161,4.0,2019-09-08T07:25:31.797740+00:00,31.021982,-81.41811,-81.425275,31.01136,-81.411675,31.032685,0.242,1.0,500,0.6208
SH_0031,CS_0161,6.0,2019-09-08T05:25:31.797740+00:00,31.014711,-81.4215,-81.427996,31.001202,-81.41389,31.026309,0.26,1.0,500,0.5847
SH_0032,CS_0161,8.0,2019-09-08T03:25:31.797740+00:00,31.004495,-81.423813,-81.431435,30.991066,-81.414783,31.016271,0.274,1.0,500,0.5506
SH_0033,CS_0161,12.0,2019-09-07T23:25:31.797740+00:00,30.981505,-81.422565,-81.432141,30.967592,-81.412921,30.996174,0.319,1.0,500,0.4884
SH_0034,CS_0161,18.0,2019-09-07T17:25:31.797740+00:00,30.94091,-81.403464,-81.414528,30.925883,-81.393067,30.957458,0.371,1.0,500,0.4079
SH_0035,CS_0161,24.0,2019-09-07T11:25:31.797740+00:00,30.925733,-81.409665,-81.425384,30.908319,-81.395314,30.943694,0.408,1.0,500,0.3407
SH_0036,CS_0201,2.0,2019-09-08T09:25:31.797740+00:00,31.006747,-81.471992,-81.477114,31.00295,-81.466321,31.010105,0.106,1.0,500,0.6263
SH_0037,CS_0201,4.0,2019-09-08T07:25:31.797740+00:00,31.003289,-81.474827,-81.481035,30.998408,-81.468176,31.007805,0.131,1.0,500,0.5898
SH_0038,CS_0201,6.0,2019-09-08T05:25:31.797740+00:00,30.99896,-81.477558,-81.48501,30.991636,-81.47038,31.004082,0.155,1.0,500,0.5555
SH_0039,CS_0201,8.0,2019-09-08T03:25:31.797740+00:00,30.992209,-81.479279,-81.488641,30.984435,-81.471306,30.998733,0.173,1.0,500,0.5231
SH_0040,CS_0201,12.0,2019-09-07T23:25:31.797740+00:00,30.979114,-81.477492,-81.488951,30.97163,-81.468582,30.987517,0.206,1.0,500,0.464
SH_0041,CS_0201,18.0,2019-09-07T17:25:31.797740+00:00,30.960473,-81.456999,-81.468051,30.951541,-81.44764,30.970382,0.231,1.0,500,0.3875
SH_0042,CS_0201,24.0,2019-09-07T11:25:31.797740+00:00,30.963641,-81.462506,-81.476808,30.954139,-81.449735,30.975551,0.27,1.0,500,0.3237
