candidate_id,numeric_id,raw_component_id,pixel_count,area_km2,perimeter_km,centroid_lon,centroid_lat,bounding_box,length_km,width_km,aspect_ratio,orientation_deg,mean_sigma0_db,min_sigma0_db,mean_contrast_db,max_contrast_db,candidate_score,heuristic_confidence,rejection_reasons,status
CS_0001,1,40,74,0.0076,0.477,-118.38031,33.74044,"[-118.38095, 33.74005, -118.37955, 33.74085]",0.151,0.091,1.66,86.8,-24.74,-27.82,6.64,9.71,0.6,0.6,AREA_TOO_SMALL,REJECTED
CS_0002,2,45,92,0.0095,0.629,-118.37688,33.73944,"[-118.37755, 33.73895, -118.37595, 33.74015]",0.188,0.098,1.91,-51.3,-24.3,-26.75,6.94,9.62,0.615,0.615,AREA_TOO_SMALL,REJECTED
CS_0003,3,50,70,0.0072,0.477,-118.37834,33.73908,"[-118.37885, 33.73855, -118.37795, 33.73965]",0.147,0.084,1.76,28.7,-24.16,-27.82,5.85,10.13,0.521,0.521,AREA_TOO_SMALL,REJECTED
CS_0004,4,65,51,0.0052,0.345,-118.3666,33.73733,"[-118.36705, 33.73705, -118.36615, 33.73765]",0.099,0.08,1.23,-81.7,-24.61,-28.6,7.16,11.38,0.617,0.617,AREA_TOO_SMALL,REJECTED
CS_0005,5,67,313,0.0322,1.531,-118.36362,33.73632,"[-118.36515, 33.73545, -118.36205, 33.73745]",0.352,0.196,1.79,-68.8,-24.61,-29.94,6.5,11.69,0.587,0.587,AREA_TOO_SMALL,REJECTED
CS_0006,6,95,56,0.0058,0.436,-118.36005,33.73437,"[-118.36045, 33.73385, -118.35955, 33.73475]",0.128,0.087,1.47,35.2,-24.36,-26.75,6.1,8.23,0.542,0.542,AREA_TOO_SMALL,REJECTED
CS_0007,7,104,52,0.0053,0.304,-118.18343,33.73308,"[-118.18385, 33.73265, -118.18305, 33.73335]",0.09,0.085,1.07,-30.8,-24.72,-27.38,6.78,9.31,0.6,0.6,AREA_TOO_SMALL,REJECTED
CS_0008,8,146,64,0.0066,0.446,-118.23849,33.72549,"[-118.23925, 33.72505, -118.23785, 33.72595]",0.165,0.069,2.38,59.0,-24.58,-27.4,6.07,9.11,0.562,0.562,AREA_TOO_SMALL,REJECTED
CS_0009,9,375,137,0.0141,0.619,-118.27979,33.49873,"[-118.28055, 33.49795, -118.27905, 33.49945]",0.185,0.123,1.5,-33.7,-24.76,-28.59,6.1,9.93,0.554,0.554,AREA_TOO_SMALL,REJECTED
CS_0010,10,453,843,0.087,2.377,-118.39589,33.41809,"[-118.39865, 33.41655, -118.39375, 33.42015]",0.422,0.347,1.22,-82.4,-25.61,-31.56,6.17,12.05,0.599,0.599,NONE,ACCEPTED
CS_0011,11,454,91,0.0094,0.589,-118.38822,33.41858,"[-118.38885, 33.41795, -118.38745, 33.41915]",0.197,0.089,2.21,-55.4,-27.31,-30.47,5.33,8.24,0.581,0.581,AREA_TOO_SMALL,REJECTED
CS_0012,12,463,391,0.0404,1.504,-118.38812,33.41576,"[-118.38955, 33.41425, -118.38675, 33.41755]",0.394,0.185,2.13,26.8,-25.73,-29.51,5.89,10.4,0.577,0.577,AREA_TOO_SMALL,REJECTED
CS_0013,13,475,58,0.006,0.325,-118.39021,33.41398,"[-118.39065, 33.41355, -118.38975, 33.41425]",0.097,0.089,1.09,64.6,-25.31,-28.64,8.47,11.85,0.636,0.636,AREA_TOO_SMALL,REJECTED
CS_0014,14,481,123,0.0127,0.65,-118.37798,33.41306,"[-118.37875, 33.41245, -118.37715, 33.41375]",0.172,0.129,1.34,-33.0,-26.75,-29.97,5.39,8.54,0.555,0.555,AREA_TOO_SMALL,REJECTED
CS_0015,15,485,1585,0.1636,4.389,-118.37887,33.41168,"[-118.38335, 33.41005, -118.37345, 33.41335]",0.926,0.335,2.77,-84.7,-25.73,-32.16,6.06,12.55,0.636,0.636,NONE,ACCEPTED
CS_0016,16,494,208,0.0215,1.27,-118.37103,33.41079,"[-118.37245, 33.40975, -118.36965, 33.41195]",0.318,0.174,1.83,-53.4,-26.55,-29.97,5.37,8.81,0.555,0.555,AREA_TOO_SMALL,REJECTED
CS_0017,17,516,69,0.0071,0.518,-118.3685,33.40785,"[-118.36925, 33.40755, -118.36765, 33.40825]",0.175,0.071,2.45,-73.4,-25.73,-27.84,4.61,6.82,0.481,0.481,AREA_TOO_SMALL,REJECTED
CS_0018,18,532,247,0.0255,1.118,-118.366,33.40258,"[-118.36685, 33.40115, -118.36495, 33.40415]",0.313,0.161,1.94,-11.5,-26.59,-31.55,5.18,9.26,0.543,0.543,AREA_TOO_SMALL,REJECTED
