hypothesis_id,mmsi,vessel_name,nominal_score,min_environmental_score,max_environmental_score,environmental_score_spread,sensitivity_index,environmental_robustness
4DH_0014,338424255,ROAM,0.6406,0.6276,0.6541,0.0265,0.0413,ROBUST
4DH_0019,538009073,TS MANILA,0.6134,0.6004,0.6269,0.0265,0.0432,ROBUST
4DH_0016,367430660,CRYSTAL II,0.5984,0.5854,0.6118,0.0265,0.0442,ROBUST
4DH_0012,338335196,LAST DANCE,0.587,0.5739,0.6004,0.0265,0.0451,ROBUST
4DH_0017,368021110,SOME TUESDAY,0.5853,0.5723,0.5987,0.0265,0.0452,ROBUST
4DH_0007,367430660,CRYSTAL II,0.5677,0.5683,0.5925,0.0242,0.0427,ROBUST
4DH_0004,338424255,ROAM,0.5618,0.5624,0.5867,0.0242,0.0431,ROBUST
4DH_0010,538009073,TS MANILA,0.5583,0.5589,0.5832,0.0242,0.0434,ROBUST
4DH_0008,368021110,SOME TUESDAY,0.5527,0.5533,0.5776,0.0242,0.0439,ROBUST
4DH_0015,367352670,PATIENCE,0.5464,0.5334,0.5598,0.0265,0.0484,ROBUST
4DH_0018,368106540,JIMNI,0.5407,0.5277,0.5542,0.0265,0.049,ROBUST
4DH_0013,338423701,LEGASEA,0.5396,0.5266,0.5531,0.0265,0.0491,ROBUST
4DH_0005,357104000,MAERSK ESMERALDAS,0.5335,0.5341,0.5583,0.0242,0.0454,ROBUST
4DH_0011,338183593,CALYPSO,0.528,0.515,0.5414,0.0265,0.0501,ROBUST
4DH_0006,367352670,PATIENCE,0.514,0.5146,0.5388,0.0242,0.0472,ROBUST
4DH_0002,338335196,LAST DANCE,0.5105,0.5111,0.5353,0.0242,0.0475,ROBUST
4DH_0009,368106540,JIMNI,0.509,0.5097,0.5339,0.0242,0.0476,ROBUST
4DH_0003,338423701,LEGASEA,0.5067,0.5073,0.5316,0.0242,0.0478,ROBUST
4DH_0001,338183593,CALYPSO,0.4974,0.498,0.5222,0.0242,0.0487,ROBUST
