hypothesis_id,mmsi,vessel_name,vessel_source_distance_m,ais_gap_seconds,nominal_score,min_ais_scale_score,max_ais_scale_score,ais_score_spread,ais_sensitivity_index
4DH_0013,367369550,ANN MORAN,1940.6,70.0,0.7076,0.618,0.7547,0.1367,0.1931
4DH_0012,367305420,DOROTHY MORAN,1946.3,72.0,0.7069,0.617,0.7544,0.1374,0.1944
4DH_0022,538007762,UNKNOWN,1929.6,91.0,0.7034,0.6105,0.7533,0.1427,0.2029
4DH_0003,338102861,RECOVERY,2071.4,72.0,0.7027,0.6113,0.7519,0.1406,0.2001
4DH_0002,338102856,RESPONDER,1851.8,111.0,0.7018,0.6072,0.7533,0.1461,0.2082
4DH_0006,338235704,BRUNSWICK,1994.4,149.0,0.6893,0.588,0.7474,0.1594,0.2312
4DH_0065,538007762,UNKNOWN,1701.6,69.0,0.6891,0.6034,0.7327,0.1293,0.1876
4DH_0025,338102861,RECOVERY,2677.6,62.0,0.6695,0.5754,0.7241,0.1487,0.222
4DH_0024,338102856,RESPONDER,2646.3,70.0,0.6687,0.5733,0.7241,0.1508,0.2255
4DH_0028,338235704,BRUNSWICK,2584.1,89.0,0.6663,0.5681,0.7237,0.1557,0.2336
4DH_0045,538007762,UNKNOWN,2601.4,90.0,0.6656,0.5671,0.7233,0.1562,0.2347
4DH_0034,367305420,DOROTHY MORAN,2633.2,89.0,0.6649,0.5664,0.7228,0.1564,0.2352
4DH_0035,367369550,ANN MORAN,2630.5,129.0,0.6566,0.5526,0.7197,0.1671,0.2545
4DH_0225,538007762,UNKNOWN,3790.6,69.0,0.6312,0.5371,0.6958,0.1587,0.2515
4DH_0092,338182224,SEA SALT,1865.1,90.0,0.6237,0.532,0.6726,0.1406,0.2255
4DH_0157,538007762,UNKNOWN,2551.0,69.0,0.6219,0.5271,0.6762,0.1491,0.2397
4DH_0241,367305420,DOROTHY MORAN,7272.9,72.0,0.6127,0.5458,0.6862,0.1403,0.2291
4DH_0238,338102861,RECOVERY,7282.5,72.0,0.6126,0.5458,0.6861,0.1403,0.229
4DH_0242,367369550,ANN MORAN,7316.1,70.0,0.6126,0.5465,0.6858,0.1393,0.2274
4DH_0243,538007762,UNKNOWN,7181.9,91.0,0.6096,0.5389,0.6858,0.1469,0.2409
4DH_0181,367369550,ANN MORAN,6903.6,70.0,0.6064,0.5368,0.6797,0.1429,0.2357
4DH_0237,338102856,RESPONDER,7124.6,111.0,0.6061,0.532,0.6849,0.1529,0.2523
4DH_0180,367305420,DOROTHY MORAN,6907.4,72.0,0.6059,0.536,0.6795,0.1435,0.2369
4DH_0171,338102861,RECOVERY,7026.0,72.0,0.6045,0.5356,0.6781,0.1425,0.2357
4DH_0190,538007762,UNKNOWN,6884.3,91.0,0.6021,0.5289,0.6783,0.1494,0.2482
4DH_0107,367369550,ANN MORAN,4664.4,70.0,0.6013,0.5125,0.6705,0.158,0.2628
4DH_0106,367305420,DOROTHY MORAN,4662.0,72.0,0.6009,0.5117,0.6704,0.1587,0.2641
4DH_0170,338102856,RESPONDER,6806.2,111.0,0.5989,0.522,0.6777,0.1557,0.2599
4DH_0097,338102861,RECOVERY,4770.2,72.0,0.5988,0.5104,0.6687,0.1583,0.2643
4DH_0239,338235704,BRUNSWICK,7171.4,149.0,0.5978,0.5195,0.6814,0.1619,0.2708
4DH_0116,538007762,UNKNOWN,4629.5,91.0,0.5974,0.5049,0.6694,0.1645,0.2754
4DH_0018,368004680,TAKE IT EASY,5664.3,180.0,0.5962,0.5016,0.6821,0.1806,0.3029
4DH_0198,367063030,EMERALD PRINCESS II,4986.8,179.0,0.5954,0.4951,0.6795,0.1844,0.3097
4DH_0014,367569620,PURA VIDA,5713.5,181.0,0.5952,0.5009,0.6814,0.1804,0.3031
4DH_0007,338335542,STILL WATERS,5737.1,180.0,0.595,0.501,0.6811,0.1801,0.3026
4DH_0096,338102856,RESPONDER,4551.6,111.0,0.5947,0.4987,0.669,0.1703,0.2864
4DH_0174,338235704,BRUNSWICK,6942.1,149.0,0.5895,0.5092,0.6731,0.1639,0.278
4DH_0245,338102861,RECOVERY,7842.6,62.0,0.5893,0.5289,0.661,0.1321,0.2241
4DH_0169,311828000,KUJAWY,6664.9,180.0,0.5872,0.5014,0.6742,0.1729,0.2944
4DH_0177,367063030,EMERALD PRINCESS II,4879.5,359.0,0.5868,0.4772,0.6865,0.2092,0.3565
4DH_0244,338102856,RESPONDER,7912.2,70.0,0.5868,0.5255,0.6596,0.134,0.2284
4DH_0235,338182224,SEA SALT,2858.8,90.0,0.5868,0.4875,0.6471,0.1595,0.2719
4DH_0253,538007762,UNKNOWN,6863.9,69.0,0.5858,0.516,0.659,0.1429,0.244
4DH_0183,367691290,MISS LEXY,7821.2,120.0,0.5852,0.5157,0.6648,0.1491,0.2548
4DH_0100,338235704,BRUNSWICK,4680.8,149.0,0.5845,0.4848,0.6641,0.1793,0.3067
4DH_0193,338102861,RECOVERY,7420.4,62.0,0.5838,0.52,0.6558,0.1358,0.2327
4DH_0250,538007762,UNKNOWN,7826.3,90.0,0.5833,0.5181,0.6589,0.1409,0.2415
4DH_0248,367305420,DOROTHY MORAN,7915.8,89.0,0.5826,0.5182,0.658,0.1398,0.2399
4DH_0192,338102856,RESPONDER,7387.3,70.0,0.5824,0.5169,0.6556,0.1387,0.2382
4DH_0246,338235704,BRUNSWICK,7946.6,89.0,0.5823,0.5182,0.6577,0.1395,0.2396
4DH_0196,338235704,BRUNSWICK,7318.4,89.0,0.5791,0.5098,0.6549,0.1451,0.2505
4DH_0256,538007762,UNKNOWN,10362.9,69.0,0.5789,0.5343,0.6468,0.1125,0.1943
4DH_0210,538007762,UNKNOWN,7344.1,90.0,0.5786,0.5094,0.6545,0.1452,0.2509
4DH_0201,367305420,DOROTHY MORAN,7373.5,89.0,0.5784,0.5096,0.6542,0.1446,0.25
4DH_0015,367691290,MISS LEXY,8005.3,120.0,0.5777,0.5096,0.6571,0.1475,0.2553
4DH_0204,367691290,MISS LEXY,8012.5,69.0,0.5759,0.5156,0.6484,0.1328,0.2306
4DH_0119,338102861,RECOVERY,5393.2,62.0,0.5759,0.4944,0.6463,0.1519,0.2637
4DH_0118,338102856,RESPONDER,5375.4,70.0,0.5744,0.4914,0.6459,0.1545,0.269
4DH_0249,367369550,ANN MORAN,7956.7,129.0,0.5739,0.5042,0.6544,0.1502,0.2617
4DH_0001,311828000,KUJAWY,7347.2,180.0,0.5731,0.4932,0.6602,0.167,0.2913
4DH_0038,367691290,MISS LEXY,7969.7,69.0,0.5724,0.5117,0.6449,0.1332,0.2327
4DH_0122,338235704,BRUNSWICK,5321.8,89.0,0.5711,0.4845,0.6452,0.1606,0.2813
4DH_0189,538004697,EMERALD ACE,8070.3,180.0,0.571,0.4969,0.6574,0.1605,0.2811
4DH_0139,538007762,UNKNOWN,5323.8,90.0,0.5709,0.4842,0.6451,0.1609,0.2819
4DH_0128,367305420,DOROTHY MORAN,5363.9,89.0,0.5704,0.4842,0.6446,0.1604,0.2812
4DH_0202,367369550,ANN MORAN,7367.5,129.0,0.5702,0.4957,0.6512,0.1554,0.2726
4DH_0218,367305420,DOROTHY MORAN,7275.2,80.0,0.5699,0.5018,0.6446,0.1428,0.2505
4DH_0041,368004680,TAKE IT EASY,6322.7,181.0,0.5694,0.4806,0.6564,0.1759,0.3088
4DH_0031,367063030,EMERALD PRINCESS II,6384.5,179.0,0.5689,0.4808,0.6557,0.175,0.3075
4DH_0037,367569620,PURA VIDA,6375.8,182.0,0.5685,0.48,0.6556,0.1756,0.3089
4DH_0029,338335542,STILL WATERS,6396.4,182.0,0.5682,0.4799,0.6554,0.1755,0.3088
4DH_0191,311828000,KUJAWY,6837.6,180.0,0.5667,0.4824,0.6538,0.1714,0.3024
4DH_0129,367369550,ANN MORAN,5365.7,129.0,0.562,0.4702,0.6414,0.1711,0.3045
4DH_0185,367762440,SILVER GIRL II,9117.8,180.0,0.5616,0.4951,0.6463,0.1512,0.2693
4DH_0178,367094180,CHICORY,9198.4,179.0,0.5611,0.4952,0.6456,0.1503,0.2679
4DH_0173,338184094,DULCINEA,9203.8,180.0,0.5609,0.4949,0.6454,0.1505,0.2683
4DH_0055,367369550,ANN MORAN,8102.5,70.0,0.5604,0.5006,0.6329,0.1323,0.2361
4DH_0219,367369550,ANN MORAN,8426.6,70.0,0.5602,0.5028,0.6322,0.1294,0.2311
4DH_0184,367753660,AQUAMARINE,9295.8,181.0,0.56,0.4946,0.6445,0.1499,0.2677
4DH_0187,369201000,SALTY VIXEN,9355.8,181.0,0.5595,0.4945,0.6439,0.1494,0.267
4DH_0179,367157730,AESTIVAL,9509.5,180.0,0.5586,0.4946,0.6424,0.1478,0.2647
4DH_0017,367762440,SILVER GIRL II,8836.6,180.0,0.5583,0.4899,0.6436,0.1537,0.2753
4DH_0010,367094180,CHICORY,8875.5,179.0,0.5582,0.4901,0.6432,0.1532,0.2744
4DH_0023,311828000,KUJAWY,7220.5,180.0,0.558,0.477,0.6451,0.1681,0.3012
4DH_0005,338184094,DULCINEA,8888.5,180.0,0.5579,0.4898,0.643,0.1532,0.2747
4DH_0172,338143506,MORNING SUN II,9668.6,180.0,0.5574,0.4944,0.6409,0.1465,0.2628
4DH_0016,367753660,AQUAMARINE,8920.8,181.0,0.5574,0.4895,0.6426,0.1532,0.2748
4DH_0019,369201000,SALTY VIXEN,8953.9,181.0,0.5572,0.4894,0.6423,0.1529,0.2744
4DH_0054,367305420,DOROTHY MORAN,8231.6,80.0,0.5569,0.4964,0.6307,0.1343,0.2411
4DH_0188,369273000,ESCAPE PLAN,9751.8,180.0,0.5568,0.4943,0.6401,0.1458,0.2618
4DH_0011,367157730,AESTIVAL,9047.6,180.0,0.5566,0.4896,0.6414,0.1519,0.2728
4DH_0004,338143506,MORNING SUN II,9162.8,180.0,0.5556,0.4894,0.6402,0.1508,0.2715
4DH_0020,369273000,ESCAPE PLAN,9228.1,180.0,0.5551,0.4893,0.6396,0.1503,0.2707
4DH_0186,368004680,TAKE IT EASY,10009.8,180.0,0.555,0.4941,0.6377,0.1436,0.2588
4DH_0175,338335542,STILL WATERS,10102.5,180.0,0.5544,0.494,0.6369,0.1428,0.2576
4DH_0182,367569620,PURA VIDA,10091.8,181.0,0.5543,0.4938,0.6369,0.1431,0.2582
4DH_0252,538004697,EMERALD ACE,9276.9,110.0,0.5528,0.4952,0.6288,0.1336,0.2417
4DH_0009,367063030,EMERALD PRINCESS II,6694.1,359.0,0.5525,0.4586,0.6554,0.1968,0.3561
4DH_0209,538004697,EMERALD ACE,8127.4,180.0,0.5522,0.4785,0.6385,0.16,0.2898
4DH_0021,538004697,EMERALD ACE,9625.4,180.0,0.5521,0.4889,0.6357,0.1469,0.266
4DH_0211,311828000,KUJAWY,7127.5,180.0,0.5515,0.4697,0.6386,0.1689,0.3062
4DH_0221,367691290,MISS LEXY,8319.5,120.0,0.5505,0.4848,0.6294,0.1447,0.2628
4DH_0058,367691290,MISS LEXY,8027.0,120.0,0.5505,0.4825,0.6298,0.1473,0.2676
4DH_0215,367063030,EMERALD PRINCESS II,5225.3,361.0,0.5504,0.4437,0.6513,0.2076,0.3772
4DH_0078,367691290,MISS LEXY,8417.2,62.0,0.5492,0.4932,0.6201,0.127,0.2312
4DH_0061,368004680,TAKE IT EASY,7076.2,181.0,0.5491,0.4668,0.6363,0.1695,0.3088
4DH_0057,367569620,PURA VIDA,7135.8,181.0,0.5484,0.4666,0.6356,0.169,0.3082
4DH_0046,311828000,KUJAWY,7182.7,180.0,0.548,0.4667,0.6351,0.1684,0.3073
4DH_0125,367063030,EMERALD PRINCESS II,5631.5,179.0,0.5479,0.4531,0.6337,0.1806,0.3296
4DH_0247,367063030,EMERALD PRINCESS II,9973.2,179.0,0.5473,0.4863,0.63,0.1437,0.2626
4DH_0074,367305420,DOROTHY MORAN,8537.5,69.0,0.5465,0.4901,0.6183,0.1281,0.2345
4DH_0229,367691290,MISS LEXY,8933.8,62.0,0.5458,0.4935,0.6159,0.1224,0.2242
4DH_0064,538004697,EMERALD ACE,8916.0,110.0,0.5444,0.4843,0.6211,0.1368,0.2512
4DH_0109,367691290,MISS LEXY,7963.2,120.0,0.5431,0.4746,0.6225,0.1479,0.2723
4DH_0227,367305420,DOROTHY MORAN,9086.2,69.0,0.543,0.4905,0.6138,0.1233,0.2271
4DH_0095,311828000,KUJAWY,6982.9,180.0,0.5424,0.4594,0.6295,0.1701,0.3137
4DH_0195,338184094,DULCINEA,9419.5,180.0,0.541,0.4765,0.6251,0.1486,0.2747
4DH_0027,338184094,DULCINEA,8948.4,180.0,0.5408,0.4731,0.6258,0.1527,0.2824
4DH_0039,367753660,AQUAMARINE,8988.8,180.0,0.5405,0.473,0.6254,0.1524,0.2819
4DH_0205,367753660,AQUAMARINE,9514.4,180.0,0.5403,0.4764,0.6242,0.1478,0.2736
4DH_0042,369201000,SALTY VIXEN,9027.8,180.0,0.5401,0.473,0.625,0.152,0.2815
4DH_0207,369201000,SALTY VIXEN,9575.8,180.0,0.5398,0.4763,0.6236,0.1473,0.2728
4DH_0033,367157730,AESTIVAL,9133.5,181.0,0.5391,0.4726,0.6239,0.1513,0.2807
4DH_0240,367063030,EMERALD PRINCESS II,9843.4,359.0,0.5386,0.4684,0.6375,0.1691,0.314
4DH_0200,367157730,AESTIVAL,9733.5,181.0,0.5385,0.4759,0.622,0.1461,0.2714
4DH_0043,369273000,ESCAPE PLAN,9325.9,177.0,0.5383,0.4734,0.6222,0.1488,0.2765
4DH_0132,367691290,MISS LEXY,8168.4,69.0,0.5381,0.479,0.6104,0.1314,0.2442
4DH_0208,369273000,ESCAPE PLAN,9976.6,177.0,0.5376,0.4767,0.62,0.1433,0.2665
4DH_0044,538004697,EMERALD ACE,9446.3,180.0,0.5368,0.4725,0.6208,0.1484,0.2764
4DH_0071,367063030,EMERALD PRINCESS II,8009.9,140.0,0.5366,0.4661,0.6185,0.1524,0.284
4DH_0066,311828000,KUJAWY,7468.7,180.0,0.5347,0.4558,0.6216,0.1659,0.3103
4DH_0254,367063030,EMERALD PRINCESS II,9307.2,140.0,0.5341,0.4729,0.6138,0.1409,0.2638
4DH_0226,311828000,KUJAWY,7731.9,180.0,0.5331,0.4562,0.6198,0.1636,0.3068
4DH_0051,367063030,EMERALD PRINCESS II,6142.1,361.0,0.5328,0.4341,0.6355,0.2014,0.378
4DH_0103,367063030,EMERALD PRINCESS II,5646.2,359.0,0.5327,0.4296,0.6345,0.2048,0.3845
4DH_0086,367063030,EMERALD PRINCESS II,7105.7,120.0,0.53,0.4546,0.61,0.1555,0.2933
4DH_0075,367369550,ANN MORAN,8499.7,150.0,0.53,0.462,0.6123,0.1503,0.2836
4DH_0048,338184094,DULCINEA,9105.0,177.0,0.5296,0.4632,0.614,0.1507,0.2846
4DH_0112,368004680,TAKE IT EASY,8158.9,180.0,0.5294,0.456,0.6157,0.1597,0.3017
4DH_0052,367094180,CHICORY,9094.0,181.0,0.529,0.4621,0.6138,0.1516,0.2867
4DH_0062,369201000,SALTY VIXEN,9199.3,178.0,0.5287,0.4628,0.613,0.1501,0.284
4DH_0101,338335542,STILL WATERS,8243.2,180.0,0.5286,0.4558,0.6148,0.159,0.3008
4DH_0059,367753660,AQUAMARINE,9157.3,180.0,0.5286,0.4623,0.6132,0.1509,0.2855
4DH_0108,367569620,PURA VIDA,8226.1,181.0,0.5286,0.4556,0.6149,0.1593,0.3014
4DH_0081,368004680,TAKE IT EASY,8110.4,180.0,0.528,0.4541,0.6143,0.1602,0.3034
4DH_0213,338184094,DULCINEA,9745.2,177.0,0.5276,0.4654,0.6106,0.1452,0.2753
4DH_0077,367569620,PURA VIDA,8169.4,179.0,0.5276,0.4543,0.6137,0.1594,0.3022
4DH_0053,367157730,AESTIVAL,9314.9,180.0,0.5274,0.4621,0.6117,0.1495,0.2835
4DH_0056,367458950,WYOMING WIND,9249.8,183.0,0.5273,0.4614,0.6121,0.1507,0.2858
4DH_0233,367063030,EMERALD PRINCESS II,7095.2,120.0,0.5273,0.4518,0.6073,0.1555,0.295
4DH_0069,338335542,STILL WATERS,8189.2,180.0,0.5272,0.4539,0.6134,0.1595,0.3025
4DH_0216,367094180,CHICORY,9740.8,181.0,0.5269,0.4643,0.6104,0.1461,0.2772
4DH_0117,311828000,KUJAWY,7127.7,180.0,0.5268,0.445,0.6139,0.1689,0.3206
4DH_0228,367369550,ANN MORAN,9042.7,150.0,0.5265,0.4624,0.6079,0.1455,0.2764
4DH_0222,367753660,AQUAMARINE,9844.6,180.0,0.5263,0.4645,0.6095,0.145,0.2755
4DH_0224,369201000,SALTY VIXEN,9905.8,178.0,0.5263,0.465,0.609,0.1441,0.2738
4DH_0063,369273000,ESCAPE PLAN,9520.3,181.0,0.5256,0.4616,0.6096,0.148,0.2815
4DH_0220,367458950,WYOMING WIND,9953.9,183.0,0.525,0.4635,0.6082,0.1447,0.2756
4DH_0217,367157730,AESTIVAL,10065.9,180.0,0.5248,0.4643,0.6074,0.1431,0.2728
4DH_0115,538004697,EMERALD ACE,8892.2,180.0,0.5228,0.4547,0.6079,0.1532,0.2931
4DH_0167,338182224,SEA SALT,2669.8,90.0,0.5214,0.4227,0.5798,0.1572,0.3015
4DH_0111,367762440,SILVER GIRL II,9097.1,180.0,0.5211,0.4544,0.6058,0.1514,0.2906
4DH_0104,367094180,CHICORY,9161.2,179.0,0.5207,0.4546,0.6052,0.1507,0.2893
4DH_0148,367305420,DOROTHY MORAN,7920.1,80.0,0.5207,0.4578,0.5948,0.1371,0.2632
4DH_0099,338184094,DULCINEA,9170.4,180.0,0.5205,0.4543,0.6051,0.1508,0.2897
4DH_0110,367753660,AQUAMARINE,9237.8,181.0,0.5198,0.4539,0.6043,0.1504,0.2893
4DH_0113,369201000,SALTY VIXEN,9287.5,181.0,0.5194,0.4539,0.6038,0.15,0.2887
4DH_0049,338335542,STILL WATERS,7155.5,362.0,0.5193,0.4293,0.6224,0.193,0.3717
4DH_0105,367157730,AESTIVAL,9418.8,180.0,0.5185,0.454,0.6026,0.1486,0.2866
4DH_0098,338143506,MORNING SUN II,9563.0,180.0,0.5175,0.4538,0.6012,0.1474,0.2848
4DH_0114,369273000,ESCAPE PLAN,9640.8,180.0,0.5169,0.4538,0.6005,0.1467,0.2838
4DH_0149,367369550,ANN MORAN,8551.9,70.0,0.5168,0.4604,0.5887,0.1283,0.2483
4DH_0080,367762440,SILVER GIRL II,9520.8,179.0,0.516,0.4522,0.5997,0.1475,0.2859
4DH_0231,538007762,UNKNOWN,9818.5,176.0,0.5156,0.4539,0.5984,0.1444,0.2801
4DH_0072,367094180,CHICORY,9584.8,181.0,0.5152,0.4516,0.599,0.1474,0.2861
4DH_0068,338184094,DULCINEA,9594.3,181.0,0.5151,0.4516,0.5989,0.1473,0.286
4DH_0079,367753660,AQUAMARINE,9656.9,180.0,0.5148,0.4518,0.5984,0.1466,0.2847
4DH_0082,369201000,SALTY VIXEN,9706.6,178.0,0.5148,0.4523,0.598,0.1458,0.2831
4DH_0073,367157730,AESTIVAL,9831.8,176.0,0.5143,0.4527,0.597,0.1443,0.2806
4DH_0076,367458950,WYOMING WIND,9754.9,179.0,0.5143,0.452,0.5975,0.1456,0.283
4DH_0070,339759000,REGALEC,9774.6,181.0,0.5138,0.4514,0.5972,0.1458,0.2837
4DH_0206,367762440,SILVER GIRL II,9329.8,357.0,0.5133,0.4399,0.6132,0.1734,0.3378
4DH_0040,367762440,SILVER GIRL II,8890.2,357.0,0.5129,0.4365,0.6137,0.1772,0.3455
4DH_0199,367094180,CHICORY,9413.6,359.0,0.5124,0.4395,0.6123,0.1728,0.3373
4DH_0067,338143506,MORNING SUN II,9973.4,181.0,0.5124,0.4512,0.5953,0.1441,0.2812
4DH_0083,369273000,ESCAPE PLAN,10049.9,179.0,0.5123,0.4517,0.5948,0.1431,0.2793
4DH_0032,367094180,CHICORY,8936.2,359.0,0.5122,0.4361,0.6131,0.177,0.3455
4DH_0230,367762440,SILVER GIRL II,10281.0,179.0,0.512,0.4527,0.5939,0.1412,0.2757
4DH_0176,339759000,REGALEC,9420.8,540.0,0.5091,0.4372,0.6187,0.1815,0.3566
4DH_0135,368004680,TAKE IT EASY,8853.0,181.0,0.5091,0.4406,0.5944,0.1538,0.302
4DH_0138,538004697,EMERALD ACE,8911.8,180.0,0.5088,0.4408,0.5938,0.153,0.3008
4DH_0131,367569620,PURA VIDA,8921.0,182.0,0.5083,0.4402,0.5936,0.1534,0.3017
4DH_0123,338335542,STILL WATERS,8935.7,182.0,0.5082,0.4402,0.5935,0.1532,0.3015
4DH_0255,338182224,SEA SALT,8294.6,90.0,0.5074,0.4458,0.5825,0.1367,0.2694
4DH_0152,367691290,MISS LEXY,8454.5,120.0,0.507,0.4423,0.5858,0.1435,0.283
4DH_0140,311828000,KUJAWY,7362.4,180.0,0.5066,0.4267,0.5936,0.1668,0.3293
4DH_0008,339759000,REGALEC,9020.5,540.0,0.5066,0.4321,0.6171,0.185,0.3652
4DH_0087,367305420,DOROTHY MORAN,10038.8,111.0,0.5051,0.4521,0.5795,0.1274,0.2522
4DH_0121,338184094,DULCINEA,9437.6,180.0,0.5046,0.4401,0.5886,0.1485,0.2942
4DH_0133,367753660,AQUAMARINE,9511.3,180.0,0.504,0.4401,0.5879,0.1478,0.2933
4DH_0088,367369550,ANN MORAN,10002.1,119.0,0.5037,0.4494,0.5792,0.1298,0.2577
4DH_0136,369201000,SALTY VIXEN,9564.7,180.0,0.5036,0.44,0.5874,0.1474,0.2926
4DH_0251,367063030,EMERALD PRINCESS II,10201.9,361.0,0.5035,0.4353,0.6017,0.1663,0.3303
4DH_0127,367157730,AESTIVAL,9704.2,181.0,0.5024,0.4396,0.586,0.1464,0.2914
4DH_0137,369273000,ESCAPE PLAN,9932.2,177.0,0.5016,0.4405,0.5841,0.1437,0.2864
4DH_0162,367691290,MISS LEXY,8992.2,62.0,0.5014,0.4495,0.5714,0.1219,0.243
4DH_0060,367762440,SILVER GIRL II,9039.4,361.0,0.5006,0.4252,0.6014,0.1762,0.352
4DH_0084,311828000,KUJAWY,8836.7,181.0,0.5005,0.4319,0.5858,0.1539,0.3075
4DH_0090,367691290,MISS LEXY,9907.3,139.0,0.5003,0.443,0.5785,0.1355,0.2709
4DH_0145,367063030,EMERALD PRINCESS II,5729.4,361.0,0.4998,0.3974,0.6018,0.2044,0.409
4DH_0223,367762440,SILVER GIRL II,9654.7,361.0,0.4988,0.4274,0.5983,0.1709,0.3426
4DH_0160,367305420,DOROTHY MORAN,9134.7,69.0,0.4987,0.4465,0.5694,0.1229,0.2464
4DH_0047,338143506,MORNING SUN II,9450.7,359.0,0.4977,0.425,0.5975,0.1725,0.3466
4DH_0212,338143506,MORNING SUN II,10230.0,359.0,0.4951,0.4272,0.5931,0.1659,0.3351
4DH_0232,311828000,KUJAWY,9142.2,181.0,0.4951,0.4286,0.5799,0.1512,0.3054
4DH_0234,367691290,MISS LEXY,10354.0,139.0,0.4945,0.4398,0.5716,0.1318,0.2666
4DH_0085,338335542,STILL WATERS,10261.4,180.0,0.4901,0.4306,0.5722,0.1415,0.2888
4DH_0093,367063030,EMERALD PRINCESS II,8856.6,111.0,0.4897,0.4291,0.5666,0.1375,0.2809
4DH_0030,339759000,REGALEC,9094.7,540.0,0.4894,0.4154,0.5997,0.1844,0.3767
4DH_0089,367569620,PURA VIDA,10239.2,185.0,0.4893,0.4293,0.572,0.1427,0.2916
4DH_0197,339759000,REGALEC,9640.5,540.0,0.4892,0.4187,0.5983,0.1796,0.3672
4DH_0026,338143506,MORNING SUN II,9256.5,540.0,0.4882,0.4151,0.5981,0.183,0.3748
4DH_0158,311828000,KUJAWY,7861.7,180.0,0.4878,0.412,0.5744,0.1624,0.3329
4DH_0194,338143506,MORNING SUN II,9892.8,540.0,0.4874,0.4185,0.596,0.1775,0.3642
4DH_0155,368004680,TAKE IT EASY,9575.1,181.0,0.4859,0.4223,0.5697,0.1475,0.3035
4DH_0151,367569620,PURA VIDA,9647.4,181.0,0.4854,0.4222,0.5691,0.1469,0.3026
4DH_0094,369970979,S3005 NRT1,7389.1,209.0,0.4854,0.4034,0.5754,0.172,0.3544
4DH_0142,338184094,DULCINEA,9776.0,177.0,0.4852,0.4232,0.5681,0.145,0.2988
4DH_0146,367094180,CHICORY,9768.6,181.0,0.4845,0.4221,0.5679,0.1458,0.301
4DH_0153,367753660,AQUAMARINE,9857.7,180.0,0.4841,0.4223,0.5671,0.1449,0.2993
4DH_0156,369201000,SALTY VIXEN,9912.2,178.0,0.4841,0.4228,0.5668,0.144,0.2975
4DH_0150,367458950,WYOMING WIND,9962.7,183.0,0.4828,0.4213,0.5659,0.1446,0.2995
4DH_0147,367157730,AESTIVAL,10057.3,180.0,0.4827,0.4221,0.5653,0.1432,0.2967
4DH_0161,367369550,ANN MORAN,9092.5,150.0,0.4821,0.4184,0.5635,0.1451,0.3009
4DH_0159,367063030,EMERALD PRINCESS II,9748.6,140.0,0.4791,0.4207,0.5578,0.1371,0.2862
4DH_0134,367762440,SILVER GIRL II,9359.0,357.0,0.4768,0.4035,0.5767,0.1731,0.3631
4DH_0126,367094180,CHICORY,9428.7,359.0,0.476,0.4032,0.5758,0.1727,0.3628
4DH_0236,369970979,S3005 NRT1,7723.6,209.0,0.4758,0.3965,0.5656,0.169,0.3553
4DH_0102,339759000,REGALEC,9355.7,540.0,0.4689,0.3965,0.5786,0.1821,0.3883
4DH_0163,367762440,SILVER GIRL II,10266.0,179.0,0.4681,0.4088,0.5501,0.1413,0.3018
4DH_0036,367458950,WYOMING WIND,9075.2,721.0,0.4677,0.3981,0.5833,0.1851,0.3958
4DH_0203,367458950,WYOMING WIND,9623.6,721.0,0.4675,0.4015,0.5819,0.1804,0.3859
4DH_0091,368004680,TAKE IT EASY,10186.2,356.0,0.4623,0.3942,0.5602,0.166,0.3592
4DH_0165,367063030,EMERALD PRINCESS II,7295.8,120.0,0.4572,0.3834,0.5372,0.1538,0.3364
4DH_0143,338335542,STILL WATERS,9662.3,362.0,0.4564,0.385,0.5559,0.1709,0.3745
4DH_0154,367762440,SILVER GIRL II,9693.8,361.0,0.4563,0.3851,0.5557,0.1706,0.3738
4DH_0050,339759000,REGALEC,9269.8,720.0,0.4558,0.3875,0.5709,0.1834,0.4025
4DH_0214,339759000,REGALEC,9972.6,720.0,0.4535,0.3896,0.5671,0.1775,0.3913
4DH_0141,338143506,MORNING SUN II,10213.4,359.0,0.453,0.385,0.551,0.1661,0.3666
4DH_0124,339759000,REGALEC,9632.5,540.0,0.453,0.3824,0.5621,0.1797,0.3967
4DH_0120,338143506,MORNING SUN II,9852.3,540.0,0.4514,0.3822,0.56,0.1779,0.394
4DH_0130,367458950,WYOMING WIND,9613.9,721.0,0.4312,0.3652,0.5457,0.1805,0.4185
4DH_0164,311828000,KUJAWY,9247.4,181.0,0.4266,0.3608,0.5111,0.1503,0.3523
4DH_0166,367691290,MISS LEXY,10414.5,139.0,0.4264,0.372,0.5034,0.1313,0.308
4DH_0144,339759000,REGALEC,9982.5,720.0,0.4113,0.3474,0.5248,0.1774,0.4312
4DH_0168,369970979,S3005 NRT1,8186.8,209.0,0.4002,0.3246,0.4895,0.1649,0.412
