mmsi,vessel_name,vessel_type,best_hypothesis_id,best_evidence_score,mean_evidence_score,compatible_hypotheses_count,best_associated_slick,vessel_evidence_state,release_time_min_utc,release_time_max_utc,source_lat_min,source_lat_max,source_lon_min,source_lon_max,best_hypothesis_strength,best_hypothesis_weakness,best_hypothesis_explanation,vessel_rank
338424255,ROAM,37.0,4DH_0014,0.6406,0.6012,2,CS_0015,MODERATE_SUPPORT,2021-10-01T23:58:36.165236+00:00,2021-10-01T23:58:36.165236+00:00,33.414692,33.420547,-118.430572,-118.412924,"Temporal Compatibility (strong, 0.85)","Spatial Compatibility (weak, 0.37)","ROAM: Physical drift is strong (0.77), spatial compatibility is weak (0.37), source plausibility is moderate (0.60), temporal alignment is strong (0.85), and AIS track quality is moderate (0.70). Notable discrepancy: Substantial divergence across evidence dimensions (Temporal Compatibility: 0.85 vs Spatial Compatibility: 0.37).",1
538009073,TS MANILA,70.0,4DH_0019,0.6134,0.5858,2,CS_0015,MODERATE_SUPPORT,2021-10-01T23:58:36.165236+00:00,2021-10-01T23:58:36.165236+00:00,33.414692,33.420547,-118.430572,-118.412924,"Temporal Compatibility (strong, 0.87)","Spatial Compatibility (weak, 0.25)","TS MANILA: Physical drift is strong (0.77), spatial compatibility is weak (0.25), source plausibility is moderate (0.60), temporal alignment is strong (0.87), and AIS track quality is moderate (0.70). Notable discrepancy: Physical drift model strongly matches observed slick, but candidate vessel was 6.9 km away from release point at hypothesized release time.",2
367430660,CRYSTAL II,37.0,4DH_0016,0.5984,0.5831,2,CS_0015,MODERATE_SUPPORT,2021-10-01T23:58:36.165236+00:00,2021-10-01T23:58:36.165236+00:00,33.414692,33.420547,-118.430572,-118.412924,"Temporal Compatibility (strong, 0.87)","Spatial Compatibility (poor, 0.19)","CRYSTAL II: Physical drift is strong (0.77), spatial compatibility is poor (0.19), source plausibility is moderate (0.60), temporal alignment is strong (0.87), and AIS track quality is moderate (0.70). Notable discrepancy: Physical drift model strongly matches observed slick, but candidate vessel was 8.2 km away from release point at hypothesized release time.",3
338335196,LAST DANCE,37.0,4DH_0012,0.587,0.5487,2,CS_0015,MODERATE_SUPPORT,2021-10-01T23:58:36.165236+00:00,2021-10-01T23:58:36.165236+00:00,33.414692,33.420547,-118.430572,-118.412924,"Physical Drift Consistency (strong, 0.77)","Spatial Compatibility (weak, 0.34)","LAST DANCE: Physical drift is strong (0.77), spatial compatibility is weak (0.34), source plausibility is moderate (0.60), temporal alignment is moderate (0.54), and AIS track quality is moderate (0.70). Notable discrepancy: Physical drift model strongly matches observed slick, but candidate vessel was 5.3 km away from release point at hypothesized release time.",4
368021110,SOME TUESDAY,36.0,4DH_0017,0.5853,0.569,2,CS_0015,MODERATE_SUPPORT,2021-10-01T23:58:36.165236+00:00,2021-10-01T23:58:36.165236+00:00,33.414692,33.420547,-118.430572,-118.412924,"Temporal Compatibility (strong, 0.81)","Spatial Compatibility (poor, 0.18)","SOME TUESDAY: Physical drift is strong (0.77), spatial compatibility is poor (0.18), source plausibility is moderate (0.60), temporal alignment is strong (0.81), and AIS track quality is moderate (0.70). Notable discrepancy: Physical drift model strongly matches observed slick, but candidate vessel was 8.7 km away from release point at hypothesized release time.",5
367352670,PATIENCE,36.0,4DH_0015,0.5464,0.5302,2,CS_0015,MODERATE_SUPPORT,2021-10-01T23:58:36.165236+00:00,2021-10-01T23:58:36.165236+00:00,33.414692,33.420547,-118.430572,-118.412924,"Physical Drift Consistency (strong, 0.77)","Spatial Compatibility (poor, 0.18)","PATIENCE: Physical drift is strong (0.77), spatial compatibility is poor (0.18), source plausibility is moderate (0.60), temporal alignment is moderate (0.55), and AIS track quality is moderate (0.70). Notable discrepancy: Physical drift model strongly matches observed slick, but candidate vessel was 8.6 km away from release point at hypothesized release time.",6
368106540,JIMNI,37.0,4DH_0018,0.5407,0.5249,2,CS_0015,MODERATE_SUPPORT,2021-10-01T23:58:36.165236+00:00,2021-10-01T23:58:36.165236+00:00,33.414692,33.420547,-118.430572,-118.412924,"Physical Drift Consistency (strong, 0.77)","Spatial Compatibility (poor, 0.18)","JIMNI: Physical drift is strong (0.77), spatial compatibility is poor (0.18), source plausibility is moderate (0.60), temporal alignment is weak (0.50), and AIS track quality is moderate (0.70). Notable discrepancy: Physical drift model strongly matches observed slick, but candidate vessel was 8.4 km away from release point at hypothesized release time.",7
338423701,LEGASEA,37.0,4DH_0013,0.5396,0.5232,2,CS_0015,MODERATE_SUPPORT,2021-10-01T23:58:36.165236+00:00,2021-10-01T23:58:36.165236+00:00,33.414692,33.420547,-118.430572,-118.412924,"Physical Drift Consistency (strong, 0.77)","Spatial Compatibility (poor, 0.17)","LEGASEA: Physical drift is strong (0.77), spatial compatibility is poor (0.17), source plausibility is moderate (0.60), temporal alignment is moderate (0.51), and AIS track quality is moderate (0.70). Notable discrepancy: Physical drift model strongly matches observed slick, but candidate vessel was 8.8 km away from release point at hypothesized release time.",8
357104000,MAERSK ESMERALDAS,70.0,4DH_0005,0.5335,0.5335,1,CS_0010,MODERATE_SUPPORT,2021-10-01T23:58:36.165236+00:00,2021-10-01T23:58:36.165236+00:00,33.420547,33.420547,-118.430572,-118.430572,"Temporal Compatibility (strong, 0.87)","Spatial Compatibility (poor, 0.14)","MAERSK ESMERALDAS: Physical drift is moderate (0.62), spatial compatibility is poor (0.14), source plausibility is moderate (0.56), temporal alignment is strong (0.87), and AIS track quality is moderate (0.70). Notable discrepancy: Physical drift model strongly matches observed slick, but candidate vessel was 9.8 km away from release point at hypothesized release time.",9
338183593,CALYPSO,36.0,4DH_0011,0.528,0.5127,2,CS_0015,MODERATE_SUPPORT,2021-10-01T23:58:36.165236+00:00,2021-10-01T23:58:36.165236+00:00,33.414692,33.420547,-118.430572,-118.412924,"Physical Drift Consistency (strong, 0.77)","Spatial Compatibility (poor, 0.20)","CALYPSO: Physical drift is strong (0.77), spatial compatibility is poor (0.20), source plausibility is moderate (0.60), temporal alignment is weak (0.40), and AIS track quality is moderate (0.70). Notable discrepancy: Physical drift model strongly matches observed slick, but candidate vessel was 8.2 km away from release point at hypothesized release time.",10
