hypothesis_id,mmsi,vessel_name,observed_slick_id,top_1_frequency,top_3_frequency,mean_rank,std_rank,min_rank,max_rank,mean_score,std_score,score_p05,score_p50,score_p95,score_iqr,rank_stability_category,stability_rank
4DH_0014,338424255,ROAM,CS_0015,0.54,0.74,2.56,2.1,1,8,0.5838,0.0399,0.5313,0.584,0.6436,0.0595,UNSTABLE,1
4DH_0019,538009073,TS MANILA,CS_0015,0.14,0.26,6.3,3.68,1,13,0.5378,0.0408,0.4832,0.53,0.6146,0.0545,UNSTABLE,2
4DH_0016,367430660,CRYSTAL II,CS_0015,0.08,0.42,5.78,4.22,1,16,0.5425,0.0424,0.4722,0.5398,0.604,0.0596,UNSTABLE,3
4DH_0007,367430660,CRYSTAL II,CS_0010,0.08,0.26,8.44,5.7,1,18,0.5181,0.043,0.4436,0.5273,0.5708,0.0668,UNSTABLE,4
4DH_0012,338335196,LAST DANCE,CS_0015,0.06,0.46,4.74,2.7,1,11,0.5465,0.0309,0.501,0.5395,0.6059,0.0376,UNSTABLE,5
4DH_0008,368021110,SOME TUESDAY,CS_0010,0.04,0.1,11.52,5.65,1,19,0.4976,0.0468,0.4288,0.4913,0.5725,0.0686,UNSTABLE,6
4DH_0004,338424255,ROAM,CS_0010,0.02,0.24,9.54,5.69,1,19,0.5116,0.0451,0.4365,0.5171,0.5748,0.0795,UNSTABLE,7
4DH_0017,368021110,SOME TUESDAY,CS_0015,0.02,0.18,7.8,4.73,1,17,0.5268,0.0416,0.4678,0.5289,0.5946,0.0605,UNSTABLE,8
4DH_0015,367352670,PATIENCE,CS_0015,0.02,0.1,10.22,4.35,1,18,0.5028,0.0321,0.4574,0.4975,0.5562,0.0409,UNSTABLE,9
4DH_0018,368106540,JIMNI,CS_0015,0.0,0.08,10.24,4.32,3,17,0.5047,0.0287,0.4628,0.5028,0.5562,0.0427,UNSTABLE,10
4DH_0010,538009073,TS MANILA,CS_0010,0.0,0.08,11.06,5.59,2,19,0.4977,0.0439,0.4359,0.4927,0.561,0.071,UNSTABLE,11
4DH_0013,338423701,LEGASEA,CS_0015,0.0,0.04,10.7,4.09,2,18,0.5004,0.026,0.4581,0.5008,0.5421,0.031,UNSTABLE,12
4DH_0005,357104000,MAERSK ESMERALDAS,CS_0010,0.0,0.04,14.4,4.72,2,19,0.4713,0.0408,0.4126,0.4635,0.5537,0.0543,UNSTABLE,13
4DH_0011,338183593,CALYPSO,CS_0015,0.0,0.0,10.1,3.41,4,18,0.504,0.0254,0.4692,0.5028,0.5468,0.037,UNSTABLE,14
4DH_0009,368106540,JIMNI,CS_0010,0.0,0.0,12.74,3.93,5,19,0.4866,0.0339,0.4395,0.4827,0.5455,0.0421,UNSTABLE,15
4DH_0006,367352670,PATIENCE,CS_0010,0.0,0.0,12.78,4.66,4,19,0.4861,0.0361,0.435,0.4885,0.5453,0.0537,UNSTABLE,16
4DH_0001,338183593,CALYPSO,CS_0010,0.0,0.0,13.2,4.03,5,19,0.484,0.0284,0.4468,0.4813,0.5336,0.0442,UNSTABLE,17
4DH_0003,338423701,LEGASEA,CS_0010,0.0,0.0,13.68,4.33,4,19,0.4775,0.0338,0.4243,0.478,0.536,0.0426,UNSTABLE,18
4DH_0002,338335196,LAST DANCE,CS_0010,0.0,0.0,14.2,3.76,6,19,0.4768,0.0294,0.4299,0.4808,0.5143,0.0346,UNSTABLE,19
