mmsi,vessel_name,vessel_top_1_frequency,vessel_top_3_frequency,mean_best_rank,std_best_rank,mean_best_score,std_best_score,best_score_p05,best_score_p50,best_score_p95,vessel_stability_category,vessel_stability_rank
538007762,UNKNOWN,0.3,0.74,3.0,2.38,0.6378,0.0352,0.5863,0.6355,0.7009,UNSTABLE,1
338102861,RECOVERY,0.24,0.48,5.36,4.79,0.615,0.0391,0.5475,0.6179,0.6728,UNSTABLE,2
338235704,BRUNSWICK,0.2,0.36,5.74,4.98,0.6112,0.0405,0.5427,0.6105,0.6735,UNSTABLE,3
367305420,DOROTHY MORAN,0.1,0.36,6.48,4.85,0.6029,0.0364,0.5492,0.6014,0.6617,UNSTABLE,4
338102856,RESPONDER,0.08,0.34,6.2,4.64,0.6038,0.0334,0.5618,0.6069,0.6515,UNSTABLE,5
367369550,ANN MORAN,0.08,0.3,5.82,4.05,0.6063,0.0324,0.547,0.6095,0.6443,UNSTABLE,6
338182224,SEA SALT,0.0,0.08,13.46,10.36,0.5743,0.0394,0.5111,0.5686,0.6349,UNSTABLE,7
367063030,EMERALD PRINCESS II,0.0,0.0,18.64,9.92,0.5519,0.0281,0.5085,0.553,0.5932,UNSTABLE,8
367691290,MISS LEXY,0.0,0.0,22.34,12.55,0.5447,0.0278,0.497,0.5466,0.5876,UNSTABLE,9
311828000,KUJAWY,0.0,0.0,24.44,10.54,0.5398,0.0243,0.5023,0.5403,0.5759,UNSTABLE,10
367569620,PURA VIDA,0.0,0.0,36.4,20.8,0.527,0.0294,0.48,0.528,0.5753,UNSTABLE,11
368004680,TAKE IT EASY,0.0,0.0,36.26,18.74,0.5268,0.0244,0.4887,0.5223,0.5702,UNSTABLE,12
538004697,EMERALD ACE,0.0,0.0,39.16,24.84,0.5232,0.0317,0.4658,0.5228,0.57,UNSTABLE,13
338335542,STILL WATERS,0.0,0.0,39.84,22.39,0.5222,0.0291,0.4726,0.5241,0.5694,UNSTABLE,14
367753660,AQUAMARINE,0.0,0.0,40.8,16.95,0.5189,0.0231,0.4832,0.5198,0.553,UNSTABLE,15
369201000,SALTY VIXEN,0.0,0.0,43.16,20.22,0.5172,0.0264,0.4741,0.5226,0.5506,UNSTABLE,16
367157730,AESTIVAL,0.0,0.0,44.88,24.47,0.5155,0.0249,0.4749,0.5223,0.5481,UNSTABLE,17
338184094,DULCINEA,0.0,0.0,45.36,24.14,0.5154,0.0231,0.4774,0.5142,0.5494,UNSTABLE,18
369273000,ESCAPE PLAN,0.0,0.0,49.62,27.28,0.5123,0.0272,0.4637,0.5161,0.5491,UNSTABLE,19
367094180,CHICORY,0.0,0.0,48.68,16.47,0.5105,0.0195,0.4764,0.5162,0.5406,UNSTABLE,20
367458950,WYOMING WIND,0.0,0.0,60.5,34.25,0.5034,0.0278,0.4552,0.5028,0.5442,UNSTABLE,21
367762440,SILVER GIRL II,0.0,0.0,57.92,21.88,0.5034,0.0211,0.4702,0.5041,0.5306,UNSTABLE,22
338143506,MORNING SUN II,0.0,0.0,73.14,25.02,0.4915,0.0245,0.4585,0.4989,0.5215,UNSTABLE,23
339759000,REGALEC,0.0,0.0,90.18,27.96,0.4815,0.0213,0.4463,0.4809,0.5154,UNSTABLE,24
369970979,S3005 NRT1,0.0,0.0,136.28,47.34,0.4551,0.0329,0.4013,0.4548,0.5032,UNSTABLE,25
