hypothesis_id,candidate_id,mmsi,vessel_name,observed_slick_id,release_timestamp,release_lat,release_lon,observation_timestamp,simulation_duration_hours,particle_count,active_particle_count,active_particle_fraction,simulation_status,predicted_centroid_lat,predicted_centroid_lon,observed_centroid_lat,observed_centroid_lon,centroid_error_m,mean_particle_distance_m,median_particle_distance_m,p90_particle_distance_m,coverage,in_slick_fraction,intersection_area_m2,union_area_m2,iou,predicted_area_m2,observed_area_m2,predicted_length_m,predicted_width_m,predicted_aspect_ratio,predicted_orientation_deg,observed_length_m,observed_width_m,observed_aspect_ratio,observed_orientation_deg,delta_length_m,delta_width_m,delta_aspect_ratio,delta_orientation_deg,is_sparse,norm_centroid_score,norm_particle_score,norm_coverage_score,norm_iou_score
4DH_0001,VC_0001,338183593,CALYPSO,CS_0010,2021-10-01T23:58:36.165236+00:00,33.420547,-118.430572,2021-10-02T01:58:36.165236+00:00,2.0,500,500,1.0,completed,33.418555,-118.397679,33.41809,-118.39589,173.9,187.88,184.25,321.1,1.0,0.002,928.82,415369.2,0.0022,415369.2,928.82,844.52,759.01,1.113,25.18,33.36,27.84,1.198,90.0,811.16,731.17,0.085,64.82,False,0.7062,0.6868,1.0,0.0022
4DH_0002,VC_0002,338335196,LAST DANCE,CS_0010,2021-10-01T23:58:36.165236+00:00,33.420547,-118.430572,2021-10-02T01:58:36.165236+00:00,2.0,500,500,1.0,completed,33.418555,-118.397679,33.41809,-118.39589,173.9,187.88,184.25,321.1,1.0,0.002,928.82,415369.2,0.0022,415369.2,928.82,844.52,759.01,1.113,25.18,33.36,27.84,1.198,90.0,811.16,731.17,0.085,64.82,False,0.7062,0.6868,1.0,0.0022
4DH_0003,VC_0003,338423701,LEGASEA,CS_0010,2021-10-01T23:58:36.165236+00:00,33.420547,-118.430572,2021-10-02T01:58:36.165236+00:00,2.0,500,500,1.0,completed,33.418555,-118.397679,33.41809,-118.39589,173.9,187.88,184.25,321.1,1.0,0.002,928.82,415369.2,0.0022,415369.2,928.82,844.52,759.01,1.113,25.18,33.36,27.84,1.198,90.0,811.16,731.17,0.085,64.82,False,0.7062,0.6868,1.0,0.0022
4DH_0004,VC_0004,338424255,ROAM,CS_0010,2021-10-01T23:58:36.165236+00:00,33.420547,-118.430572,2021-10-02T01:58:36.165236+00:00,2.0,500,500,1.0,completed,33.418555,-118.397679,33.41809,-118.39589,173.9,187.88,184.25,321.1,1.0,0.002,928.82,415369.2,0.0022,415369.2,928.82,844.52,759.01,1.113,25.18,33.36,27.84,1.198,90.0,811.16,731.17,0.085,64.82,False,0.7062,0.6868,1.0,0.0022
4DH_0005,VC_0005,357104000,MAERSK ESMERALDAS,CS_0010,2021-10-01T23:58:36.165236+00:00,33.420547,-118.430572,2021-10-02T01:58:36.165236+00:00,2.0,500,500,1.0,completed,33.418555,-118.397679,33.41809,-118.39589,173.9,187.88,184.25,321.1,1.0,0.002,928.82,415369.2,0.0022,415369.2,928.82,844.52,759.01,1.113,25.18,33.36,27.84,1.198,90.0,811.16,731.17,0.085,64.82,False,0.7062,0.6868,1.0,0.0022
4DH_0006,VC_0006,367352670,PATIENCE,CS_0010,2021-10-01T23:58:36.165236+00:00,33.420547,-118.430572,2021-10-02T01:58:36.165236+00:00,2.0,500,500,1.0,completed,33.418555,-118.397679,33.41809,-118.39589,173.9,187.88,184.25,321.1,1.0,0.002,928.82,415369.2,0.0022,415369.2,928.82,844.52,759.01,1.113,25.18,33.36,27.84,1.198,90.0,811.16,731.17,0.085,64.82,False,0.7062,0.6868,1.0,0.0022
4DH_0007,VC_0007,367430660,CRYSTAL II,CS_0010,2021-10-01T23:58:36.165236+00:00,33.420547,-118.430572,2021-10-02T01:58:36.165236+00:00,2.0,500,500,1.0,completed,33.418555,-118.397679,33.41809,-118.39589,173.9,187.88,184.25,321.1,1.0,0.002,928.82,415369.2,0.0022,415369.2,928.82,844.52,759.01,1.113,25.18,33.36,27.84,1.198,90.0,811.16,731.17,0.085,64.82,False,0.7062,0.6868,1.0,0.0022
4DH_0008,VC_0008,368021110,SOME TUESDAY,CS_0010,2021-10-01T23:58:36.165236+00:00,33.420547,-118.430572,2021-10-02T01:58:36.165236+00:00,2.0,500,500,1.0,completed,33.418555,-118.397679,33.41809,-118.39589,173.9,187.88,184.25,321.1,1.0,0.002,928.82,415369.2,0.0022,415369.2,928.82,844.52,759.01,1.113,25.18,33.36,27.84,1.198,90.0,811.16,731.17,0.085,64.82,False,0.7062,0.6868,1.0,0.0022
4DH_0009,VC_0009,368106540,JIMNI,CS_0010,2021-10-01T23:58:36.165236+00:00,33.420547,-118.430572,2021-10-02T01:58:36.165236+00:00,2.0,500,500,1.0,completed,33.418555,-118.397679,33.41809,-118.39589,173.9,187.88,184.25,321.1,1.0,0.002,928.82,415369.2,0.0022,415369.2,928.82,844.52,759.01,1.113,25.18,33.36,27.84,1.198,90.0,811.16,731.17,0.085,64.82,False,0.7062,0.6868,1.0,0.0022
4DH_0010,VC_0010,538009073,TS MANILA,CS_0010,2021-10-01T23:58:36.165236+00:00,33.420547,-118.430572,2021-10-02T01:58:36.165236+00:00,2.0,500,500,1.0,completed,33.418555,-118.397679,33.41809,-118.39589,173.9,187.88,184.25,321.1,1.0,0.002,928.82,415369.2,0.0022,415369.2,928.82,844.52,759.01,1.113,25.18,33.36,27.84,1.198,90.0,811.16,731.17,0.085,64.82,False,0.7062,0.6868,1.0,0.0022
4DH_0011,VC_0011,338183593,CALYPSO,CS_0015,2021-10-01T23:58:36.165236+00:00,33.414692,-118.412924,2021-10-02T01:58:36.165236+00:00,2.0,500,500,1.0,completed,33.412824,-118.379395,33.41168,-118.37887,136.22,40.77,13.88,119.04,1.0,0.374,135503.17,445866.9,0.3039,417783.3,163586.76,855.84,753.5,1.136,25.66,928.18,378.06,2.455,0.0,72.34,375.44,1.319,25.66,False,0.7615,0.9217,1.0,0.3039
4DH_0012,VC_0012,338335196,LAST DANCE,CS_0015,2021-10-01T23:58:36.165236+00:00,33.414692,-118.412924,2021-10-02T01:58:36.165236+00:00,2.0,500,500,1.0,completed,33.412824,-118.379395,33.41168,-118.37887,136.22,40.77,13.88,119.04,1.0,0.374,135503.17,445866.9,0.3039,417783.3,163586.76,855.84,753.5,1.136,25.66,928.18,378.06,2.455,0.0,72.34,375.44,1.319,25.66,False,0.7615,0.9217,1.0,0.3039
4DH_0013,VC_0013,338423701,LEGASEA,CS_0015,2021-10-01T23:58:36.165236+00:00,33.414692,-118.412924,2021-10-02T01:58:36.165236+00:00,2.0,500,500,1.0,completed,33.412824,-118.379395,33.41168,-118.37887,136.22,40.77,13.88,119.04,1.0,0.374,135503.17,445866.9,0.3039,417783.3,163586.76,855.84,753.5,1.136,25.66,928.18,378.06,2.455,0.0,72.34,375.44,1.319,25.66,False,0.7615,0.9217,1.0,0.3039
4DH_0014,VC_0014,338424255,ROAM,CS_0015,2021-10-01T23:58:36.165236+00:00,33.414692,-118.412924,2021-10-02T01:58:36.165236+00:00,2.0,500,500,1.0,completed,33.412824,-118.379395,33.41168,-118.37887,136.22,40.77,13.88,119.04,1.0,0.374,135503.17,445866.9,0.3039,417783.3,163586.76,855.84,753.5,1.136,25.66,928.18,378.06,2.455,0.0,72.34,375.44,1.319,25.66,False,0.7615,0.9217,1.0,0.3039
4DH_0015,VC_0015,367352670,PATIENCE,CS_0015,2021-10-01T23:58:36.165236+00:00,33.414692,-118.412924,2021-10-02T01:58:36.165236+00:00,2.0,500,500,1.0,completed,33.412824,-118.379395,33.41168,-118.37887,136.22,40.77,13.88,119.04,1.0,0.374,135503.17,445866.9,0.3039,417783.3,163586.76,855.84,753.5,1.136,25.66,928.18,378.06,2.455,0.0,72.34,375.44,1.319,25.66,False,0.7615,0.9217,1.0,0.3039
4DH_0016,VC_0016,367430660,CRYSTAL II,CS_0015,2021-10-01T23:58:36.165236+00:00,33.414692,-118.412924,2021-10-02T01:58:36.165236+00:00,2.0,500,500,1.0,completed,33.412824,-118.379395,33.41168,-118.37887,136.22,40.77,13.88,119.04,1.0,0.374,135503.17,445866.9,0.3039,417783.3,163586.76,855.84,753.5,1.136,25.66,928.18,378.06,2.455,0.0,72.34,375.44,1.319,25.66,False,0.7615,0.9217,1.0,0.3039
4DH_0017,VC_0017,368021110,SOME TUESDAY,CS_0015,2021-10-01T23:58:36.165236+00:00,33.414692,-118.412924,2021-10-02T01:58:36.165236+00:00,2.0,500,500,1.0,completed,33.412824,-118.379395,33.41168,-118.37887,136.22,40.77,13.88,119.04,1.0,0.374,135503.17,445866.9,0.3039,417783.3,163586.76,855.84,753.5,1.136,25.66,928.18,378.06,2.455,0.0,72.34,375.44,1.319,25.66,False,0.7615,0.9217,1.0,0.3039
4DH_0018,VC_0018,368106540,JIMNI,CS_0015,2021-10-01T23:58:36.165236+00:00,33.414692,-118.412924,2021-10-02T01:58:36.165236+00:00,2.0,500,500,1.0,completed,33.412824,-118.379395,33.41168,-118.37887,136.22,40.77,13.88,119.04,1.0,0.374,135503.17,445866.9,0.3039,417783.3,163586.76,855.84,753.5,1.136,25.66,928.18,378.06,2.455,0.0,72.34,375.44,1.319,25.66,False,0.7615,0.9217,1.0,0.3039
4DH_0019,VC_0019,538009073,TS MANILA,CS_0015,2021-10-01T23:58:36.165236+00:00,33.414692,-118.412924,2021-10-02T01:58:36.165236+00:00,2.0,500,500,1.0,completed,33.412824,-118.379395,33.41168,-118.37887,136.22,40.77,13.88,119.04,1.0,0.374,135503.17,445866.9,0.3039,417783.3,163586.76,855.84,753.5,1.136,25.66,928.18,378.06,2.455,0.0,72.34,375.44,1.319,25.66,False,0.7615,0.9217,1.0,0.3039
