hypothesis_id,candidate_id,mmsi,vessel_name,vessel_type,observed_slick_id,release_timestamp,release_lat,release_lon,vessel_lat,vessel_lon,vessel_source_distance_m,ais_gap_seconds,ais_track_quality,centroid_error_m,mean_particle_distance_m,coverage,iou,source_score,spatial_score,temporal_score,drift_score,ais_quality_score,attribution_evidence_score,evidence_quality_state,has_conflict,conflict_description,primary_strength,primary_weakness,explanation,hypothesis_rank,top_1_frequency,std_rank,rank_stability_category,environmental_robustness,sensitivity_index,refined_evidence_quality_state,uncertainty_reason_codes,primary_uncertainty_reason
4DH_0014,VC_0014,338424255,ROAM,37.0,CS_0015,2021-10-01T23:58:36.165236+00:00,33.414692,-118.412924,33.39298,-118.36677,4917.74,97.0,near_boundary_first_ping,136.22,40.77,1.0,0.3039,0.599,0.374,0.8507,0.7657,0.7,0.6406,MODERATE_SUPPORT,True,Substantial divergence across evidence dimensions (Temporal Compatibility: 0.85 vs Spatial Compatibility: 0.37).,"Temporal Compatibility (strong, 0.85)","Spatial Compatibility (weak, 0.37)","ROAM: Physical drift is strong (0.77), spatial compatibility is weak (0.37), source plausibility is moderate (0.60), temporal alignment is strong (0.85), and AIS track quality is moderate (0.70). Notable discrepancy: Substantial divergence across evidence dimensions (Temporal Compatibility: 0.85 vs Spatial Compatibility: 0.37).",1,0.54,2.1,UNSTABLE,ROBUST,0.0413,MODERATE_SUPPORT,UNSTABLE_RANKING;INSUFFICIENT_VALIDATION_DATA,UNSTABLE_RANKING
4DH_0019,VC_0019,538009073,TS MANILA,70.0,CS_0015,2021-10-01T23:58:36.165236+00:00,33.414692,-118.412924,33.47067,-118.38198,6854.74,84.0,near_boundary_first_ping,136.22,40.77,1.0,0.3039,0.599,0.2539,0.8694,0.7657,0.7,0.6134,MODERATE_SUPPORT,True,"Physical drift model strongly matches observed slick, but candidate vessel was 6.9 km away from release point at hypothesized release time.","Temporal Compatibility (strong, 0.87)","Spatial Compatibility (weak, 0.25)","TS MANILA: Physical drift is strong (0.77), spatial compatibility is weak (0.25), source plausibility is moderate (0.60), temporal alignment is strong (0.87), and AIS track quality is moderate (0.70). Notable discrepancy: Physical drift model strongly matches observed slick, but candidate vessel was 6.9 km away from release point at hypothesized release time.",2,0.14,3.68,UNSTABLE,ROBUST,0.0432,MODERATE_SUPPORT,LARGE_VESSEL_SOURCE_SEPARATION;UNSTABLE_RANKING;STRONG_COMPETING_HYPOTHESES;INSUFFICIENT_VALIDATION_DATA,LARGE_VESSEL_SOURCE_SEPARATION
4DH_0016,VC_0016,367430660,CRYSTAL II,37.0,CS_0015,2021-10-01T23:58:36.165236+00:00,33.414692,-118.412924,33.44588,-118.49278,8181.83,85.0,near_boundary_first_ping,136.22,40.77,1.0,0.3039,0.599,0.1947,0.8679,0.7657,0.7,0.5984,MODERATE_SUPPORT,True,"Physical drift model strongly matches observed slick, but candidate vessel was 8.2 km away from release point at hypothesized release time.","Temporal Compatibility (strong, 0.87)","Spatial Compatibility (poor, 0.19)","CRYSTAL II: Physical drift is strong (0.77), spatial compatibility is poor (0.19), source plausibility is moderate (0.60), temporal alignment is strong (0.87), and AIS track quality is moderate (0.70). Notable discrepancy: Physical drift model strongly matches observed slick, but candidate vessel was 8.2 km away from release point at hypothesized release time.",3,0.08,4.22,UNSTABLE,ROBUST,0.0442,MODERATE_SUPPORT,LARGE_VESSEL_SOURCE_SEPARATION;UNSTABLE_RANKING;STRONG_COMPETING_HYPOTHESES;INSUFFICIENT_VALIDATION_DATA,LARGE_VESSEL_SOURCE_SEPARATION
4DH_0012,VC_0012,338335196,LAST DANCE,37.0,CS_0015,2021-10-01T23:58:36.165236+00:00,33.414692,-118.412924,33.38934,-118.36407,5339.81,366.0,near_boundary_first_ping,136.22,40.77,1.0,0.3039,0.599,0.3437,0.5434,0.7657,0.7,0.587,MODERATE_SUPPORT,True,"Physical drift model strongly matches observed slick, but candidate vessel was 5.3 km away from release point at hypothesized release time.","Physical Drift Consistency (strong, 0.77)","Spatial Compatibility (weak, 0.34)","LAST DANCE: Physical drift is strong (0.77), spatial compatibility is weak (0.34), source plausibility is moderate (0.60), temporal alignment is moderate (0.54), and AIS track quality is moderate (0.70). Notable discrepancy: Physical drift model strongly matches observed slick, but candidate vessel was 5.3 km away from release point at hypothesized release time.",4,0.06,2.7,UNSTABLE,ROBUST,0.0451,MODERATE_SUPPORT,LARGE_VESSEL_SOURCE_SEPARATION;UNSTABLE_RANKING;INSUFFICIENT_VALIDATION_DATA,LARGE_VESSEL_SOURCE_SEPARATION
4DH_0017,VC_0017,368021110,SOME TUESDAY,36.0,CS_0015,2021-10-01T23:58:36.165236+00:00,33.414692,-118.412924,33.44686,-118.498,8667.38,126.0,near_boundary_first_ping,136.22,40.77,1.0,0.3039,0.599,0.1767,0.8106,0.7657,0.7,0.5853,MODERATE_SUPPORT,True,"Physical drift model strongly matches observed slick, but candidate vessel was 8.7 km away from release point at hypothesized release time.","Temporal Compatibility (strong, 0.81)","Spatial Compatibility (poor, 0.18)","SOME TUESDAY: Physical drift is strong (0.77), spatial compatibility is poor (0.18), source plausibility is moderate (0.60), temporal alignment is strong (0.81), and AIS track quality is moderate (0.70). Notable discrepancy: Physical drift model strongly matches observed slick, but candidate vessel was 8.7 km away from release point at hypothesized release time.",5,0.02,4.73,UNSTABLE,ROBUST,0.0452,MODERATE_SUPPORT,LARGE_VESSEL_SOURCE_SEPARATION;UNSTABLE_RANKING;INSUFFICIENT_VALIDATION_DATA,LARGE_VESSEL_SOURCE_SEPARATION
4DH_0007,VC_0007,367430660,CRYSTAL II,37.0,CS_0010,2021-10-01T23:58:36.165236+00:00,33.420547,-118.430572,33.44588,-118.49278,6423.24,85.0,near_boundary_first_ping,173.9,187.88,1.0,0.0022,0.5641,0.2767,0.8679,0.6183,0.7,0.5677,MODERATE_SUPPORT,True,"Physical drift model strongly matches observed slick, but candidate vessel was 6.4 km away from release point at hypothesized release time.","Temporal Compatibility (strong, 0.87)","Spatial Compatibility (weak, 0.28)","CRYSTAL II: Physical drift is moderate (0.62), spatial compatibility is weak (0.28), source plausibility is moderate (0.56), temporal alignment is strong (0.87), and AIS track quality is moderate (0.70). Notable discrepancy: Physical drift model strongly matches observed slick, but candidate vessel was 6.4 km away from release point at hypothesized release time.",6,0.08,5.7,UNSTABLE,ROBUST,0.0427,MODERATE_SUPPORT,LARGE_VESSEL_SOURCE_SEPARATION;UNSTABLE_RANKING;INSUFFICIENT_VALIDATION_DATA,LARGE_VESSEL_SOURCE_SEPARATION
4DH_0004,VC_0004,338424255,ROAM,37.0,CS_0010,2021-10-01T23:58:36.165236+00:00,33.420547,-118.430572,33.39298,-118.36677,6668.59,97.0,near_boundary_first_ping,173.9,187.88,1.0,0.0022,0.5641,0.2635,0.8507,0.6183,0.7,0.5618,MODERATE_SUPPORT,True,"Physical drift model strongly matches observed slick, but candidate vessel was 6.7 km away from release point at hypothesized release time.","Temporal Compatibility (strong, 0.85)","Spatial Compatibility (weak, 0.26)","ROAM: Physical drift is moderate (0.62), spatial compatibility is weak (0.26), source plausibility is moderate (0.56), temporal alignment is strong (0.85), and AIS track quality is moderate (0.70). Notable discrepancy: Physical drift model strongly matches observed slick, but candidate vessel was 6.7 km away from release point at hypothesized release time.",7,0.02,5.69,UNSTABLE,ROBUST,0.0431,MODERATE_SUPPORT,LARGE_VESSEL_SOURCE_SEPARATION;UNSTABLE_RANKING;INSUFFICIENT_VALIDATION_DATA,LARGE_VESSEL_SOURCE_SEPARATION
4DH_0010,VC_0010,538009073,TS MANILA,70.0,CS_0010,2021-10-01T23:58:36.165236+00:00,33.420547,-118.430572,33.47067,-118.38198,7168.63,84.0,near_boundary_first_ping,173.9,187.88,1.0,0.0022,0.5641,0.2384,0.8694,0.6183,0.7,0.5583,MODERATE_SUPPORT,True,"Physical drift model strongly matches observed slick, but candidate vessel was 7.2 km away from release point at hypothesized release time.","Temporal Compatibility (strong, 0.87)","Spatial Compatibility (poor, 0.24)","TS MANILA: Physical drift is moderate (0.62), spatial compatibility is poor (0.24), source plausibility is moderate (0.56), temporal alignment is strong (0.87), and AIS track quality is moderate (0.70). Notable discrepancy: Physical drift model strongly matches observed slick, but candidate vessel was 7.2 km away from release point at hypothesized release time.",8,0.0,5.59,UNSTABLE,ROBUST,0.0434,MODERATE_SUPPORT,LARGE_VESSEL_SOURCE_SEPARATION;UNSTABLE_RANKING;INSUFFICIENT_VALIDATION_DATA,LARGE_VESSEL_SOURCE_SEPARATION
4DH_0008,VC_0008,368021110,SOME TUESDAY,36.0,CS_0010,2021-10-01T23:58:36.165236+00:00,33.420547,-118.430572,33.44686,-118.498,6907.27,126.0,near_boundary_first_ping,173.9,187.88,1.0,0.0022,0.5641,0.2512,0.8106,0.6183,0.7,0.5527,MODERATE_SUPPORT,True,"Physical drift model strongly matches observed slick, but candidate vessel was 6.9 km away from release point at hypothesized release time.","Temporal Compatibility (strong, 0.81)","Spatial Compatibility (weak, 0.25)","SOME TUESDAY: Physical drift is moderate (0.62), spatial compatibility is weak (0.25), source plausibility is moderate (0.56), temporal alignment is strong (0.81), and AIS track quality is moderate (0.70). Notable discrepancy: Physical drift model strongly matches observed slick, but candidate vessel was 6.9 km away from release point at hypothesized release time.",9,0.04,5.65,UNSTABLE,ROBUST,0.0439,MODERATE_SUPPORT,LARGE_VESSEL_SOURCE_SEPARATION;UNSTABLE_RANKING;INSUFFICIENT_VALIDATION_DATA,LARGE_VESSEL_SOURCE_SEPARATION
4DH_0015,VC_0015,367352670,PATIENCE,36.0,CS_0015,2021-10-01T23:58:36.165236+00:00,33.414692,-118.412924,33.44397,-118.49901,8626.62,360.0,near_boundary_first_ping,136.22,40.77,1.0,0.3039,0.599,0.1781,0.5488,0.7657,0.7,0.5464,MODERATE_SUPPORT,True,"Physical drift model strongly matches observed slick, but candidate vessel was 8.6 km away from release point at hypothesized release time.","Physical Drift Consistency (strong, 0.77)","Spatial Compatibility (poor, 0.18)","PATIENCE: Physical drift is strong (0.77), spatial compatibility is poor (0.18), source plausibility is moderate (0.60), temporal alignment is moderate (0.55), and AIS track quality is moderate (0.70). Notable discrepancy: Physical drift model strongly matches observed slick, but candidate vessel was 8.6 km away from release point at hypothesized release time.",10,0.02,4.35,UNSTABLE,ROBUST,0.0484,MODERATE_SUPPORT,LARGE_VESSEL_SOURCE_SEPARATION;UNSTABLE_RANKING;INSUFFICIENT_VALIDATION_DATA,LARGE_VESSEL_SOURCE_SEPARATION
4DH_0018,VC_0018,368106540,JIMNI,37.0,CS_0015,2021-10-01T23:58:36.165236+00:00,33.414692,-118.412924,33.44524,-118.49618,8439.79,416.0,near_boundary_first_ping,136.22,40.77,1.0,0.3039,0.599,0.1849,0.4999,0.7657,0.7,0.5407,MODERATE_SUPPORT,True,"Physical drift model strongly matches observed slick, but candidate vessel was 8.4 km away from release point at hypothesized release time.","Physical Drift Consistency (strong, 0.77)","Spatial Compatibility (poor, 0.18)","JIMNI: Physical drift is strong (0.77), spatial compatibility is poor (0.18), source plausibility is moderate (0.60), temporal alignment is weak (0.50), and AIS track quality is moderate (0.70). Notable discrepancy: Physical drift model strongly matches observed slick, but candidate vessel was 8.4 km away from release point at hypothesized release time.",11,0.0,4.32,UNSTABLE,ROBUST,0.049,MODERATE_SUPPORT,LARGE_VESSEL_SOURCE_SEPARATION;UNSTABLE_RANKING;INSUFFICIENT_VALIDATION_DATA,LARGE_VESSEL_SOURCE_SEPARATION
4DH_0013,VC_0013,338423701,LEGASEA,37.0,CS_0015,2021-10-01T23:58:36.165236+00:00,33.414692,-118.412924,33.44746,-118.4988,8762.56,402.0,near_boundary_first_ping,136.22,40.77,1.0,0.3039,0.599,0.1733,0.5117,0.7657,0.7,0.5396,MODERATE_SUPPORT,True,"Physical drift model strongly matches observed slick, but candidate vessel was 8.8 km away from release point at hypothesized release time.","Physical Drift Consistency (strong, 0.77)","Spatial Compatibility (poor, 0.17)","LEGASEA: Physical drift is strong (0.77), spatial compatibility is poor (0.17), source plausibility is moderate (0.60), temporal alignment is moderate (0.51), and AIS track quality is moderate (0.70). Notable discrepancy: Physical drift model strongly matches observed slick, but candidate vessel was 8.8 km away from release point at hypothesized release time.",12,0.0,4.09,UNSTABLE,ROBUST,0.0491,MODERATE_SUPPORT,LARGE_VESSEL_SOURCE_SEPARATION;UNSTABLE_RANKING;INSUFFICIENT_VALIDATION_DATA,LARGE_VESSEL_SOURCE_SEPARATION
4DH_0005,VC_0005,357104000,MAERSK ESMERALDAS,70.0,CS_0010,2021-10-01T23:58:36.165236+00:00,33.420547,-118.430572,33.5087,-118.43194,9802.99,86.0,near_boundary_first_ping,173.9,187.88,1.0,0.0022,0.5641,0.1408,0.8665,0.6183,0.7,0.5335,MODERATE_SUPPORT,True,"Physical drift model strongly matches observed slick, but candidate vessel was 9.8 km away from release point at hypothesized release time.","Temporal Compatibility (strong, 0.87)","Spatial Compatibility (poor, 0.14)","MAERSK ESMERALDAS: Physical drift is moderate (0.62), spatial compatibility is poor (0.14), source plausibility is moderate (0.56), temporal alignment is strong (0.87), and AIS track quality is moderate (0.70). Notable discrepancy: Physical drift model strongly matches observed slick, but candidate vessel was 9.8 km away from release point at hypothesized release time.",13,0.0,4.72,UNSTABLE,ROBUST,0.0454,MODERATE_SUPPORT,LARGE_VESSEL_SOURCE_SEPARATION;UNSTABLE_RANKING;INSUFFICIENT_VALIDATION_DATA,LARGE_VESSEL_SOURCE_SEPARATION
4DH_0011,VC_0011,338183593,CALYPSO,36.0,CS_0015,2021-10-01T23:58:36.165236+00:00,33.414692,-118.412924,33.44174,-118.4948,8171.75,553.0,near_boundary_first_ping,136.22,40.77,1.0,0.3039,0.599,0.1951,0.3979,0.7657,0.7,0.528,MODERATE_SUPPORT,True,"Physical drift model strongly matches observed slick, but candidate vessel was 8.2 km away from release point at hypothesized release time.","Physical Drift Consistency (strong, 0.77)","Spatial Compatibility (poor, 0.20)","CALYPSO: Physical drift is strong (0.77), spatial compatibility is poor (0.20), source plausibility is moderate (0.60), temporal alignment is weak (0.40), and AIS track quality is moderate (0.70). Notable discrepancy: Physical drift model strongly matches observed slick, but candidate vessel was 8.2 km away from release point at hypothesized release time.",14,0.0,3.41,UNSTABLE,ROBUST,0.0501,MODERATE_SUPPORT,LARGE_VESSEL_SOURCE_SEPARATION;UNSTABLE_RANKING;INSUFFICIENT_VALIDATION_DATA,LARGE_VESSEL_SOURCE_SEPARATION
4DH_0006,VC_0006,367352670,PATIENCE,36.0,CS_0010,2021-10-01T23:58:36.165236+00:00,33.420547,-118.430572,33.44397,-118.49901,6864.12,360.0,near_boundary_first_ping,173.9,187.88,1.0,0.0022,0.5641,0.2534,0.5488,0.6183,0.7,0.514,MODERATE_SUPPORT,True,"Physical drift model strongly matches observed slick, but candidate vessel was 6.9 km away from release point at hypothesized release time.","AIS Track Quality (moderate, 0.70)","Spatial Compatibility (weak, 0.25)","PATIENCE: Physical drift is moderate (0.62), spatial compatibility is weak (0.25), source plausibility is moderate (0.56), temporal alignment is moderate (0.55), and AIS track quality is moderate (0.70). Notable discrepancy: Physical drift model strongly matches observed slick, but candidate vessel was 6.9 km away from release point at hypothesized release time.",15,0.0,4.66,UNSTABLE,ROBUST,0.0472,MODERATE_SUPPORT,LARGE_VESSEL_SOURCE_SEPARATION;UNSTABLE_RANKING;INSUFFICIENT_VALIDATION_DATA,LARGE_VESSEL_SOURCE_SEPARATION
4DH_0002,VC_0002,338335196,LAST DANCE,37.0,CS_0010,2021-10-01T23:58:36.165236+00:00,33.420547,-118.430572,33.38934,-118.36407,7081.55,366.0,near_boundary_first_ping,173.9,187.88,1.0,0.0022,0.5641,0.2426,0.5434,0.6183,0.7,0.5105,MODERATE_SUPPORT,True,"Physical drift model strongly matches observed slick, but candidate vessel was 7.1 km away from release point at hypothesized release time.","AIS Track Quality (moderate, 0.70)","Spatial Compatibility (poor, 0.24)","LAST DANCE: Physical drift is moderate (0.62), spatial compatibility is poor (0.24), source plausibility is moderate (0.56), temporal alignment is moderate (0.54), and AIS track quality is moderate (0.70). Notable discrepancy: Physical drift model strongly matches observed slick, but candidate vessel was 7.1 km away from release point at hypothesized release time.",16,0.0,3.76,UNSTABLE,ROBUST,0.0475,MODERATE_SUPPORT,LARGE_VESSEL_SOURCE_SEPARATION;UNSTABLE_RANKING;INSUFFICIENT_VALIDATION_DATA,LARGE_VESSEL_SOURCE_SEPARATION
4DH_0009,VC_0009,368106540,JIMNI,37.0,CS_0010,2021-10-01T23:58:36.165236+00:00,33.420547,-118.430572,33.44524,-118.49618,6678.66,416.0,near_boundary_first_ping,173.9,187.88,1.0,0.0022,0.5641,0.263,0.4999,0.6183,0.7,0.509,MODERATE_SUPPORT,True,"Physical drift model strongly matches observed slick, but candidate vessel was 6.7 km away from release point at hypothesized release time.","AIS Track Quality (moderate, 0.70)","Spatial Compatibility (weak, 0.26)","JIMNI: Physical drift is moderate (0.62), spatial compatibility is weak (0.26), source plausibility is moderate (0.56), temporal alignment is weak (0.50), and AIS track quality is moderate (0.70). Notable discrepancy: Physical drift model strongly matches observed slick, but candidate vessel was 6.7 km away from release point at hypothesized release time.",17,0.0,3.93,UNSTABLE,ROBUST,0.0476,MODERATE_SUPPORT,LARGE_VESSEL_SOURCE_SEPARATION;UNSTABLE_RANKING;INSUFFICIENT_VALIDATION_DATA,LARGE_VESSEL_SOURCE_SEPARATION
4DH_0003,VC_0003,338423701,LEGASEA,37.0,CS_0010,2021-10-01T23:58:36.165236+00:00,33.420547,-118.430572,33.44746,-118.4988,7002.82,402.0,near_boundary_first_ping,173.9,187.88,1.0,0.0022,0.5641,0.2465,0.5117,0.6183,0.7,0.5067,MODERATE_SUPPORT,True,"Physical drift model strongly matches observed slick, but candidate vessel was 7.0 km away from release point at hypothesized release time.","AIS Track Quality (moderate, 0.70)","Spatial Compatibility (poor, 0.25)","LEGASEA: Physical drift is moderate (0.62), spatial compatibility is poor (0.25), source plausibility is moderate (0.56), temporal alignment is moderate (0.51), and AIS track quality is moderate (0.70). Notable discrepancy: Physical drift model strongly matches observed slick, but candidate vessel was 7.0 km away from release point at hypothesized release time.",18,0.0,4.33,UNSTABLE,ROBUST,0.0478,MODERATE_SUPPORT,LARGE_VESSEL_SOURCE_SEPARATION;UNSTABLE_RANKING;INSUFFICIENT_VALIDATION_DATA,LARGE_VESSEL_SOURCE_SEPARATION
4DH_0001,VC_0001,338183593,CALYPSO,36.0,CS_0010,2021-10-01T23:58:36.165236+00:00,33.420547,-118.430572,33.44174,-118.4948,6409.16,553.0,near_boundary_first_ping,173.9,187.88,1.0,0.0022,0.5641,0.2775,0.3979,0.6183,0.7,0.4974,LOW_SUPPORT,True,"Physical drift model strongly matches observed slick, but candidate vessel was 6.4 km away from release point at hypothesized release time.","AIS Track Quality (moderate, 0.70)","Spatial Compatibility (weak, 0.28)","CALYPSO: Physical drift is moderate (0.62), spatial compatibility is weak (0.28), source plausibility is moderate (0.56), temporal alignment is weak (0.40), and AIS track quality is moderate (0.70). Notable discrepancy: Physical drift model strongly matches observed slick, but candidate vessel was 6.4 km away from release point at hypothesized release time.",19,0.0,4.03,UNSTABLE,ROBUST,0.0487,LOW_SUPPORT,LARGE_VESSEL_SOURCE_SEPARATION;UNSTABLE_RANKING;INSUFFICIENT_VALIDATION_DATA,LARGE_VESSEL_SOURCE_SEPARATION
