hypothesis_id,candidate_id,mmsi,vessel_name,release_lat,release_lon,release_timestamp,source_age_hours,observation_timestamp,duration_hours,particle_count,timestep_seconds,environmental_model,wind_coefficient,simulation_status,active_particle_fraction,predicted_centroid_lat,predicted_centroid_lon,dispersion_std_km,observed_slick_id,observed_slick_centroid_lat,observed_slick_centroid_lon,predicted_to_observed_distance_m,ais_vessel_lat,ais_vessel_lon,predicted_bbox_west,predicted_bbox_south,predicted_bbox_east,predicted_bbox_north
4DH_0001,VC_0001,338183593,CALYPSO,33.420547,-118.430572,2021-10-01T23:58:36.165236+00:00,2.0,2021-10-02T01:58:36.165236+00:00,2.0,500,600.0,HYCOM_surface_currents + ERA5_10m_wind,0.031,completed,1.0,33.418555,-118.397679,0.079,CS_0010,33.41809,-118.39589,173.9,33.44174,-118.4948,-118.401809,33.415542,-118.392556,33.421218
4DH_0002,VC_0002,338335196,LAST DANCE,33.420547,-118.430572,2021-10-01T23:58:36.165236+00:00,2.0,2021-10-02T01:58:36.165236+00:00,2.0,500,600.0,HYCOM_surface_currents + ERA5_10m_wind,0.031,completed,1.0,33.418555,-118.397679,0.079,CS_0010,33.41809,-118.39589,173.9,33.38934,-118.36407,-118.401809,33.415542,-118.392556,33.421218
4DH_0003,VC_0003,338423701,LEGASEA,33.420547,-118.430572,2021-10-01T23:58:36.165236+00:00,2.0,2021-10-02T01:58:36.165236+00:00,2.0,500,600.0,HYCOM_surface_currents + ERA5_10m_wind,0.031,completed,1.0,33.418555,-118.397679,0.079,CS_0010,33.41809,-118.39589,173.9,33.44746,-118.4988,-118.401809,33.415542,-118.392556,33.421218
4DH_0004,VC_0004,338424255,ROAM,33.420547,-118.430572,2021-10-01T23:58:36.165236+00:00,2.0,2021-10-02T01:58:36.165236+00:00,2.0,500,600.0,HYCOM_surface_currents + ERA5_10m_wind,0.031,completed,1.0,33.418555,-118.397679,0.079,CS_0010,33.41809,-118.39589,173.9,33.39298,-118.36677,-118.401809,33.415542,-118.392556,33.421218
4DH_0005,VC_0005,357104000,MAERSK ESMERALDAS,33.420547,-118.430572,2021-10-01T23:58:36.165236+00:00,2.0,2021-10-02T01:58:36.165236+00:00,2.0,500,600.0,HYCOM_surface_currents + ERA5_10m_wind,0.031,completed,1.0,33.418555,-118.397679,0.079,CS_0010,33.41809,-118.39589,173.9,33.5087,-118.43194,-118.401809,33.415542,-118.392556,33.421218
4DH_0006,VC_0006,367352670,PATIENCE,33.420547,-118.430572,2021-10-01T23:58:36.165236+00:00,2.0,2021-10-02T01:58:36.165236+00:00,2.0,500,600.0,HYCOM_surface_currents + ERA5_10m_wind,0.031,completed,1.0,33.418555,-118.397679,0.079,CS_0010,33.41809,-118.39589,173.9,33.44397,-118.49901,-118.401809,33.415542,-118.392556,33.421218
4DH_0007,VC_0007,367430660,CRYSTAL II,33.420547,-118.430572,2021-10-01T23:58:36.165236+00:00,2.0,2021-10-02T01:58:36.165236+00:00,2.0,500,600.0,HYCOM_surface_currents + ERA5_10m_wind,0.031,completed,1.0,33.418555,-118.397679,0.079,CS_0010,33.41809,-118.39589,173.9,33.44588,-118.49278,-118.401809,33.415542,-118.392556,33.421218
4DH_0008,VC_0008,368021110,SOME TUESDAY,33.420547,-118.430572,2021-10-01T23:58:36.165236+00:00,2.0,2021-10-02T01:58:36.165236+00:00,2.0,500,600.0,HYCOM_surface_currents + ERA5_10m_wind,0.031,completed,1.0,33.418555,-118.397679,0.079,CS_0010,33.41809,-118.39589,173.9,33.44686,-118.498,-118.401809,33.415542,-118.392556,33.421218
4DH_0009,VC_0009,368106540,JIMNI,33.420547,-118.430572,2021-10-01T23:58:36.165236+00:00,2.0,2021-10-02T01:58:36.165236+00:00,2.0,500,600.0,HYCOM_surface_currents + ERA5_10m_wind,0.031,completed,1.0,33.418555,-118.397679,0.079,CS_0010,33.41809,-118.39589,173.9,33.44524,-118.49618,-118.401809,33.415542,-118.392556,33.421218
4DH_0010,VC_0010,538009073,TS MANILA,33.420547,-118.430572,2021-10-01T23:58:36.165236+00:00,2.0,2021-10-02T01:58:36.165236+00:00,2.0,500,600.0,HYCOM_surface_currents + ERA5_10m_wind,0.031,completed,1.0,33.418555,-118.397679,0.079,CS_0010,33.41809,-118.39589,173.9,33.47067,-118.38198,-118.401809,33.415542,-118.392556,33.421218
4DH_0011,VC_0011,338183593,CALYPSO,33.414692,-118.412924,2021-10-01T23:58:36.165236+00:00,2.0,2021-10-02T01:58:36.165236+00:00,2.0,500,600.0,HYCOM_surface_currents + ERA5_10m_wind,0.031,completed,1.0,33.412824,-118.379395,0.08,CS_0015,33.41168,-118.37887,136.22,33.44174,-118.4948,-118.383569,33.409837,-118.374209,33.415447
4DH_0012,VC_0012,338335196,LAST DANCE,33.414692,-118.412924,2021-10-01T23:58:36.165236+00:00,2.0,2021-10-02T01:58:36.165236+00:00,2.0,500,600.0,HYCOM_surface_currents + ERA5_10m_wind,0.031,completed,1.0,33.412824,-118.379395,0.08,CS_0015,33.41168,-118.37887,136.22,33.38934,-118.36407,-118.383569,33.409837,-118.374209,33.415447
4DH_0013,VC_0013,338423701,LEGASEA,33.414692,-118.412924,2021-10-01T23:58:36.165236+00:00,2.0,2021-10-02T01:58:36.165236+00:00,2.0,500,600.0,HYCOM_surface_currents + ERA5_10m_wind,0.031,completed,1.0,33.412824,-118.379395,0.08,CS_0015,33.41168,-118.37887,136.22,33.44746,-118.4988,-118.383569,33.409837,-118.374209,33.415447
4DH_0014,VC_0014,338424255,ROAM,33.414692,-118.412924,2021-10-01T23:58:36.165236+00:00,2.0,2021-10-02T01:58:36.165236+00:00,2.0,500,600.0,HYCOM_surface_currents + ERA5_10m_wind,0.031,completed,1.0,33.412824,-118.379395,0.08,CS_0015,33.41168,-118.37887,136.22,33.39298,-118.36677,-118.383569,33.409837,-118.374209,33.415447
4DH_0015,VC_0015,367352670,PATIENCE,33.414692,-118.412924,2021-10-01T23:58:36.165236+00:00,2.0,2021-10-02T01:58:36.165236+00:00,2.0,500,600.0,HYCOM_surface_currents + ERA5_10m_wind,0.031,completed,1.0,33.412824,-118.379395,0.08,CS_0015,33.41168,-118.37887,136.22,33.44397,-118.49901,-118.383569,33.409837,-118.374209,33.415447
4DH_0016,VC_0016,367430660,CRYSTAL II,33.414692,-118.412924,2021-10-01T23:58:36.165236+00:00,2.0,2021-10-02T01:58:36.165236+00:00,2.0,500,600.0,HYCOM_surface_currents + ERA5_10m_wind,0.031,completed,1.0,33.412824,-118.379395,0.08,CS_0015,33.41168,-118.37887,136.22,33.44588,-118.49278,-118.383569,33.409837,-118.374209,33.415447
4DH_0017,VC_0017,368021110,SOME TUESDAY,33.414692,-118.412924,2021-10-01T23:58:36.165236+00:00,2.0,2021-10-02T01:58:36.165236+00:00,2.0,500,600.0,HYCOM_surface_currents + ERA5_10m_wind,0.031,completed,1.0,33.412824,-118.379395,0.08,CS_0015,33.41168,-118.37887,136.22,33.44686,-118.498,-118.383569,33.409837,-118.374209,33.415447
4DH_0018,VC_0018,368106540,JIMNI,33.414692,-118.412924,2021-10-01T23:58:36.165236+00:00,2.0,2021-10-02T01:58:36.165236+00:00,2.0,500,600.0,HYCOM_surface_currents + ERA5_10m_wind,0.031,completed,1.0,33.412824,-118.379395,0.08,CS_0015,33.41168,-118.37887,136.22,33.44524,-118.49618,-118.383569,33.409837,-118.374209,33.415447
4DH_0019,VC_0019,538009073,TS MANILA,33.414692,-118.412924,2021-10-01T23:58:36.165236+00:00,2.0,2021-10-02T01:58:36.165236+00:00,2.0,500,600.0,HYCOM_surface_currents + ERA5_10m_wind,0.031,completed,1.0,33.412824,-118.379395,0.08,CS_0015,33.41168,-118.37887,136.22,33.47067,-118.38198,-118.383569,33.409837,-118.374209,33.415447
