hypothesis_id,mmsi,vessel_name,time_offset_seconds,time_offset_minutes,simulated_gap_seconds,s_time,attribution_score
4DH_0001,338183593,CALYPSO,-10800,-180.0,0.0,1.0,0.5877
4DH_0001,338183593,CALYPSO,-7200,-120.0,0.0,1.0,0.5877
4DH_0001,338183593,CALYPSO,-3600,-60.0,0.0,1.0,0.5877
4DH_0001,338183593,CALYPSO,-1800,-30.0,0.0,1.0,0.5877
4DH_0001,338183593,CALYPSO,-900,-15.0,0.0,1.0,0.5877
4DH_0001,338183593,CALYPSO,0,0.0,553.0,0.3979,0.4974
4DH_0001,338183593,CALYPSO,900,15.0,1453.0,0.0888,0.4335
4DH_0001,338183593,CALYPSO,1800,30.0,2353.0,0.0198,0.4232
4DH_0001,338183593,CALYPSO,3600,60.0,4153.0,0.001,0.4204
4DH_0001,338183593,CALYPSO,7200,120.0,7753.0,0.0,0.4202
4DH_0001,338183593,CALYPSO,10800,180.0,11353.0,0.0,0.4202
4DH_0002,338335196,LAST DANCE,-10800,-180.0,0.0,1.0,0.579
4DH_0002,338335196,LAST DANCE,-7200,-120.0,0.0,1.0,0.579
4DH_0002,338335196,LAST DANCE,-3600,-60.0,0.0,1.0,0.579
4DH_0002,338335196,LAST DANCE,-1800,-30.0,0.0,1.0,0.579
4DH_0002,338335196,LAST DANCE,-900,-15.0,0.0,1.0,0.579
4DH_0002,338335196,LAST DANCE,0,0.0,366.0,0.5434,0.5105
4DH_0002,338335196,LAST DANCE,900,15.0,1266.0,0.1212,0.4297
4DH_0002,338335196,LAST DANCE,1800,30.0,2166.0,0.0271,0.4155
4DH_0002,338335196,LAST DANCE,3600,60.0,3966.0,0.0013,0.4117
4DH_0002,338335196,LAST DANCE,7200,120.0,7566.0,0.0,0.4115
4DH_0002,338335196,LAST DANCE,10800,180.0,11166.0,0.0,0.4115
4DH_0003,338423701,LEGASEA,-10800,-180.0,0.0,1.0,0.5799
4DH_0003,338423701,LEGASEA,-7200,-120.0,0.0,1.0,0.5799
4DH_0003,338423701,LEGASEA,-3600,-60.0,0.0,1.0,0.5799
4DH_0003,338423701,LEGASEA,-1800,-30.0,0.0,1.0,0.5799
4DH_0003,338423701,LEGASEA,-900,-15.0,0.0,1.0,0.5799
4DH_0003,338423701,LEGASEA,0,0.0,402.0,0.5117,0.5067
4DH_0003,338423701,LEGASEA,900,15.0,1302.0,0.1142,0.4296
4DH_0003,338423701,LEGASEA,1800,30.0,2202.0,0.0255,0.4163
4DH_0003,338423701,LEGASEA,3600,60.0,4002.0,0.0013,0.4126
4DH_0003,338423701,LEGASEA,7200,120.0,7602.0,0.0,0.4124
4DH_0003,338423701,LEGASEA,10800,180.0,11202.0,0.0,0.4124
4DH_0004,338424255,ROAM,-10800,-180.0,0.0,1.0,0.5842
4DH_0004,338424255,ROAM,-7200,-120.0,0.0,1.0,0.5842
4DH_0004,338424255,ROAM,-3600,-60.0,0.0,1.0,0.5842
4DH_0004,338424255,ROAM,-1800,-30.0,0.0,1.0,0.5842
4DH_0004,338424255,ROAM,-900,-15.0,0.0,1.0,0.5842
4DH_0004,338424255,ROAM,0,0.0,97.0,0.8507,0.5618
4DH_0004,338424255,ROAM,900,15.0,997.0,0.1898,0.4557
4DH_0004,338424255,ROAM,1800,30.0,1897.0,0.0424,0.423
4DH_0004,338424255,ROAM,3600,60.0,3697.0,0.0021,0.417
4DH_0004,338424255,ROAM,7200,120.0,7297.0,0.0,0.4167
4DH_0004,338424255,ROAM,10800,180.0,10897.0,0.0,0.4167
4DH_0005,357104000,MAERSK ESMERALDAS,-10800,-180.0,0.0,1.0,0.5535
4DH_0005,357104000,MAERSK ESMERALDAS,-7200,-120.0,0.0,1.0,0.5535
4DH_0005,357104000,MAERSK ESMERALDAS,-3600,-60.0,0.0,1.0,0.5535
4DH_0005,357104000,MAERSK ESMERALDAS,-1800,-30.0,0.0,1.0,0.5535
4DH_0005,357104000,MAERSK ESMERALDAS,-900,-15.0,0.0,1.0,0.5535
4DH_0005,357104000,MAERSK ESMERALDAS,0,0.0,86.0,0.8665,0.5335
4DH_0005,357104000,MAERSK ESMERALDAS,900,15.0,986.0,0.1933,0.4255
4DH_0005,357104000,MAERSK ESMERALDAS,1800,30.0,1886.0,0.0431,0.3925
4DH_0005,357104000,MAERSK ESMERALDAS,3600,60.0,3686.0,0.0021,0.3863
4DH_0005,357104000,MAERSK ESMERALDAS,7200,120.0,7286.0,0.0,0.386
4DH_0005,357104000,MAERSK ESMERALDAS,10800,180.0,10886.0,0.0,0.386
4DH_0006,367352670,PATIENCE,-10800,-180.0,0.0,1.0,0.5817
4DH_0006,367352670,PATIENCE,-7200,-120.0,0.0,1.0,0.5817
4DH_0006,367352670,PATIENCE,-3600,-60.0,0.0,1.0,0.5817
4DH_0006,367352670,PATIENCE,-1800,-30.0,0.0,1.0,0.5817
4DH_0006,367352670,PATIENCE,-900,-15.0,0.0,1.0,0.5817
4DH_0006,367352670,PATIENCE,0,0.0,360.0,0.5488,0.514
4DH_0006,367352670,PATIENCE,900,15.0,1260.0,0.1225,0.4325
4DH_0006,367352670,PATIENCE,1800,30.0,2160.0,0.0273,0.4183
4DH_0006,367352670,PATIENCE,3600,60.0,3960.0,0.0014,0.4144
4DH_0006,367352670,PATIENCE,7200,120.0,7560.0,0.0,0.4142
4DH_0006,367352670,PATIENCE,10800,180.0,11160.0,0.0,0.4142
4DH_0007,367430660,CRYSTAL II,-10800,-180.0,0.0,1.0,0.5875
4DH_0007,367430660,CRYSTAL II,-7200,-120.0,0.0,1.0,0.5875
4DH_0007,367430660,CRYSTAL II,-3600,-60.0,0.0,1.0,0.5875
4DH_0007,367430660,CRYSTAL II,-1800,-30.0,0.0,1.0,0.5875
4DH_0007,367430660,CRYSTAL II,-900,-15.0,0.0,1.0,0.5875
4DH_0007,367430660,CRYSTAL II,0,0.0,85.0,0.8679,0.5677
4DH_0007,367430660,CRYSTAL II,900,15.0,985.0,0.1937,0.4596
4DH_0007,367430660,CRYSTAL II,1800,30.0,1885.0,0.0432,0.4265
4DH_0007,367430660,CRYSTAL II,3600,60.0,3685.0,0.0022,0.4203
4DH_0007,367430660,CRYSTAL II,7200,120.0,7285.0,0.0,0.42
4DH_0007,367430660,CRYSTAL II,10800,180.0,10885.0,0.0,0.42
4DH_0008,368021110,SOME TUESDAY,-10800,-180.0,0.0,1.0,0.5811
4DH_0008,368021110,SOME TUESDAY,-7200,-120.0,0.0,1.0,0.5811
4DH_0008,368021110,SOME TUESDAY,-3600,-60.0,0.0,1.0,0.5811
4DH_0008,368021110,SOME TUESDAY,-1800,-30.0,0.0,1.0,0.5811
4DH_0008,368021110,SOME TUESDAY,-900,-15.0,0.0,1.0,0.5811
4DH_0008,368021110,SOME TUESDAY,0,0.0,126.0,0.8106,0.5527
4DH_0008,368021110,SOME TUESDAY,900,15.0,1026.0,0.1809,0.4513
4DH_0008,368021110,SOME TUESDAY,1800,30.0,1926.0,0.0404,0.4197
4DH_0008,368021110,SOME TUESDAY,3600,60.0,3726.0,0.002,0.4139
4DH_0008,368021110,SOME TUESDAY,7200,120.0,7326.0,0.0,0.4136
4DH_0008,368021110,SOME TUESDAY,10800,180.0,10926.0,0.0,0.4136
4DH_0009,368106540,JIMNI,-10800,-180.0,0.0,1.0,0.5841
4DH_0009,368106540,JIMNI,-7200,-120.0,0.0,1.0,0.5841
4DH_0009,368106540,JIMNI,-3600,-60.0,0.0,1.0,0.5841
4DH_0009,368106540,JIMNI,-1800,-30.0,0.0,1.0,0.5841
4DH_0009,368106540,JIMNI,-900,-15.0,0.0,1.0,0.5841
4DH_0009,368106540,JIMNI,0,0.0,416.0,0.4999,0.509
4DH_0009,368106540,JIMNI,900,15.0,1316.0,0.1115,0.4333
4DH_0009,368106540,JIMNI,1800,30.0,2216.0,0.0249,0.4203
4DH_0009,368106540,JIMNI,3600,60.0,4016.0,0.0012,0.4167
4DH_0009,368106540,JIMNI,7200,120.0,7616.0,0.0,0.4166
4DH_0009,368106540,JIMNI,10800,180.0,11216.0,0.0,0.4166
4DH_0010,538009073,TS MANILA,-10800,-180.0,0.0,1.0,0.5779
4DH_0010,538009073,TS MANILA,-7200,-120.0,0.0,1.0,0.5779
4DH_0010,538009073,TS MANILA,-3600,-60.0,0.0,1.0,0.5779
4DH_0010,538009073,TS MANILA,-1800,-30.0,0.0,1.0,0.5779
4DH_0010,538009073,TS MANILA,-900,-15.0,0.0,1.0,0.5779
4DH_0010,538009073,TS MANILA,0,0.0,84.0,0.8694,0.5583
4DH_0010,538009073,TS MANILA,900,15.0,984.0,0.194,0.45
4DH_0010,538009073,TS MANILA,1800,30.0,1884.0,0.0433,0.4169
4DH_0010,538009073,TS MANILA,3600,60.0,3684.0,0.0022,0.4107
4DH_0010,538009073,TS MANILA,7200,120.0,7284.0,0.0,0.4104
4DH_0010,538009073,TS MANILA,10800,180.0,10884.0,0.0,0.4104
4DH_0011,338183593,CALYPSO,-10800,-180.0,0.0,1.0,0.6183
4DH_0011,338183593,CALYPSO,-7200,-120.0,0.0,1.0,0.6183
4DH_0011,338183593,CALYPSO,-3600,-60.0,0.0,1.0,0.6183
4DH_0011,338183593,CALYPSO,-1800,-30.0,0.0,1.0,0.6183
4DH_0011,338183593,CALYPSO,-900,-15.0,0.0,1.0,0.6183
4DH_0011,338183593,CALYPSO,0,0.0,553.0,0.3979,0.528
4DH_0011,338183593,CALYPSO,900,15.0,1453.0,0.0888,0.4641
4DH_0011,338183593,CALYPSO,1800,30.0,2353.0,0.0198,0.4538
4DH_0011,338183593,CALYPSO,3600,60.0,4153.0,0.001,0.4509
4DH_0011,338183593,CALYPSO,7200,120.0,7753.0,0.0,0.4508
4DH_0011,338183593,CALYPSO,10800,180.0,11353.0,0.0,0.4508
4DH_0012,338335196,LAST DANCE,-10800,-180.0,0.0,1.0,0.6554
4DH_0012,338335196,LAST DANCE,-7200,-120.0,0.0,1.0,0.6554
4DH_0012,338335196,LAST DANCE,-3600,-60.0,0.0,1.0,0.6554
4DH_0012,338335196,LAST DANCE,-1800,-30.0,0.0,1.0,0.6554
4DH_0012,338335196,LAST DANCE,-900,-15.0,0.0,1.0,0.6554
4DH_0012,338335196,LAST DANCE,0,0.0,366.0,0.5434,0.587
4DH_0012,338335196,LAST DANCE,900,15.0,1266.0,0.1212,0.5061
4DH_0012,338335196,LAST DANCE,1800,30.0,2166.0,0.0271,0.492
4DH_0012,338335196,LAST DANCE,3600,60.0,3966.0,0.0013,0.4882
4DH_0012,338335196,LAST DANCE,7200,120.0,7566.0,0.0,0.4879
4DH_0012,338335196,LAST DANCE,10800,180.0,11166.0,0.0,0.4879
4DH_0013,338423701,LEGASEA,-10800,-180.0,0.0,1.0,0.6129
4DH_0013,338423701,LEGASEA,-7200,-120.0,0.0,1.0,0.6129
4DH_0013,338423701,LEGASEA,-3600,-60.0,0.0,1.0,0.6129
4DH_0013,338423701,LEGASEA,-1800,-30.0,0.0,1.0,0.6129
4DH_0013,338423701,LEGASEA,-900,-15.0,0.0,1.0,0.6129
4DH_0013,338423701,LEGASEA,0,0.0,402.0,0.5117,0.5396
4DH_0013,338423701,LEGASEA,900,15.0,1302.0,0.1142,0.4625
4DH_0013,338423701,LEGASEA,1800,30.0,2202.0,0.0255,0.4492
4DH_0013,338423701,LEGASEA,3600,60.0,4002.0,0.0013,0.4455
4DH_0013,338423701,LEGASEA,7200,120.0,7602.0,0.0,0.4454
4DH_0013,338423701,LEGASEA,10800,180.0,11202.0,0.0,0.4454
4DH_0014,338424255,ROAM,-10800,-180.0,0.0,1.0,0.663
4DH_0014,338424255,ROAM,-7200,-120.0,0.0,1.0,0.663
4DH_0014,338424255,ROAM,-3600,-60.0,0.0,1.0,0.663
4DH_0014,338424255,ROAM,-1800,-30.0,0.0,1.0,0.663
4DH_0014,338424255,ROAM,-900,-15.0,0.0,1.0,0.663
4DH_0014,338424255,ROAM,0,0.0,97.0,0.8507,0.6406
4DH_0014,338424255,ROAM,900,15.0,997.0,0.1898,0.5345
4DH_0014,338424255,ROAM,1800,30.0,1897.0,0.0424,0.5019
4DH_0014,338424255,ROAM,3600,60.0,3697.0,0.0021,0.4958
4DH_0014,338424255,ROAM,7200,120.0,7297.0,0.0,0.4955
4DH_0014,338424255,ROAM,10800,180.0,10897.0,0.0,0.4955
4DH_0015,367352670,PATIENCE,-10800,-180.0,0.0,1.0,0.6141
4DH_0015,367352670,PATIENCE,-7200,-120.0,0.0,1.0,0.6141
4DH_0015,367352670,PATIENCE,-3600,-60.0,0.0,1.0,0.6141
4DH_0015,367352670,PATIENCE,-1800,-30.0,0.0,1.0,0.6141
4DH_0015,367352670,PATIENCE,-900,-15.0,0.0,1.0,0.6141
4DH_0015,367352670,PATIENCE,0,0.0,360.0,0.5488,0.5464
4DH_0015,367352670,PATIENCE,900,15.0,1260.0,0.1225,0.4649
4DH_0015,367352670,PATIENCE,1800,30.0,2160.0,0.0273,0.4506
4DH_0015,367352670,PATIENCE,3600,60.0,3960.0,0.0014,0.4468
4DH_0015,367352670,PATIENCE,7200,120.0,7560.0,0.0,0.4466
4DH_0015,367352670,PATIENCE,10800,180.0,11160.0,0.0,0.4466
4DH_0016,367430660,CRYSTAL II,-10800,-180.0,0.0,1.0,0.6182
4DH_0016,367430660,CRYSTAL II,-7200,-120.0,0.0,1.0,0.6182
4DH_0016,367430660,CRYSTAL II,-3600,-60.0,0.0,1.0,0.6182
4DH_0016,367430660,CRYSTAL II,-1800,-30.0,0.0,1.0,0.6182
4DH_0016,367430660,CRYSTAL II,-900,-15.0,0.0,1.0,0.6182
4DH_0016,367430660,CRYSTAL II,0,0.0,85.0,0.8679,0.5984
4DH_0016,367430660,CRYSTAL II,900,15.0,985.0,0.1937,0.4902
4DH_0016,367430660,CRYSTAL II,1800,30.0,1885.0,0.0432,0.4572
4DH_0016,367430660,CRYSTAL II,3600,60.0,3685.0,0.0022,0.451
4DH_0016,367430660,CRYSTAL II,7200,120.0,7285.0,0.0,0.4507
4DH_0016,367430660,CRYSTAL II,10800,180.0,10885.0,0.0,0.4507
4DH_0017,368021110,SOME TUESDAY,-10800,-180.0,0.0,1.0,0.6137
4DH_0017,368021110,SOME TUESDAY,-7200,-120.0,0.0,1.0,0.6137
4DH_0017,368021110,SOME TUESDAY,-3600,-60.0,0.0,1.0,0.6137
4DH_0017,368021110,SOME TUESDAY,-1800,-30.0,0.0,1.0,0.6137
4DH_0017,368021110,SOME TUESDAY,-900,-15.0,0.0,1.0,0.6137
4DH_0017,368021110,SOME TUESDAY,0,0.0,126.0,0.8106,0.5853
4DH_0017,368021110,SOME TUESDAY,900,15.0,1026.0,0.1809,0.4838
4DH_0017,368021110,SOME TUESDAY,1800,30.0,1926.0,0.0404,0.4522
4DH_0017,368021110,SOME TUESDAY,3600,60.0,3726.0,0.002,0.4465
4DH_0017,368021110,SOME TUESDAY,7200,120.0,7326.0,0.0,0.4462
4DH_0017,368021110,SOME TUESDAY,10800,180.0,10926.0,0.0,0.4462
4DH_0018,368106540,JIMNI,-10800,-180.0,0.0,1.0,0.6157
4DH_0018,368106540,JIMNI,-7200,-120.0,0.0,1.0,0.6157
4DH_0018,368106540,JIMNI,-3600,-60.0,0.0,1.0,0.6157
4DH_0018,368106540,JIMNI,-1800,-30.0,0.0,1.0,0.6157
4DH_0018,368106540,JIMNI,-900,-15.0,0.0,1.0,0.6157
4DH_0018,368106540,JIMNI,0,0.0,416.0,0.4999,0.5407
4DH_0018,368106540,JIMNI,900,15.0,1316.0,0.1115,0.465
4DH_0018,368106540,JIMNI,1800,30.0,2216.0,0.0249,0.452
4DH_0018,368106540,JIMNI,3600,60.0,4016.0,0.0012,0.4484
4DH_0018,368106540,JIMNI,7200,120.0,7616.0,0.0,0.4482
4DH_0018,368106540,JIMNI,10800,180.0,11216.0,0.0,0.4482
4DH_0019,538009073,TS MANILA,-10800,-180.0,0.0,1.0,0.633
4DH_0019,538009073,TS MANILA,-7200,-120.0,0.0,1.0,0.633
4DH_0019,538009073,TS MANILA,-3600,-60.0,0.0,1.0,0.633
4DH_0019,538009073,TS MANILA,-1800,-30.0,0.0,1.0,0.633
4DH_0019,538009073,TS MANILA,-900,-15.0,0.0,1.0,0.633
4DH_0019,538009073,TS MANILA,0,0.0,84.0,0.8694,0.6134
4DH_0019,538009073,TS MANILA,900,15.0,984.0,0.194,0.5051
4DH_0019,538009073,TS MANILA,1800,30.0,1884.0,0.0433,0.472
4DH_0019,538009073,TS MANILA,3600,60.0,3684.0,0.0022,0.4658
4DH_0019,538009073,TS MANILA,7200,120.0,7284.0,0.0,0.4655
4DH_0019,538009073,TS MANILA,10800,180.0,10884.0,0.0,0.4655
